line,rep,year,month,day,observer,stem1_juv,stem1_adults,leaf1_juv,leaf1_adults,stem2_juv,stem2_adults,leaf2_juv,leaf2_adults,stem3_juv,stem3_adults,leaf3_juv,leaf3_adults,comments
Clover-2017-2,1,2018,4,5,Paige Zenkovich,0,0,0,0,0,0,0,0,0,0,0,0,2A ground
Clover-2017-2,1,2018,4,6,Paige Zenkovich,0,0,0,0,1,0,0,0,0,1,1,1,1A plastic
Clover-2017-2,1,2018,4,7,Paige Zenkovich,9,0,0,1,0,0,0,0,0,0,0,0,1A plastic
Clover-2017-2,1,2018,4,8,Paige Zenkovich,14,1,0,1,0,0,0,0,0,0,0,0,
Clover-2017-2,1,2018,4,9,Paige Zenkovich,23,1,0,1,0,0,0,0,0,0,0,0,
Clover-2017-2,1,2018,4,10,Paige Zenkovich,19,2,0,1,4,1,0,0,0,0,0,0,
Clover-2017-2,1,2018,4,11,Paige Zenkovich,19,8,1,1,1,2,0,0,0,0,0,0,
Clover-2017-2,1,2018,4,12,Paige Zenkovich,14,15,1,1,0,3,0,0,0,0,0,0,
Clover-2017-2,1,2018,4,13,Paige Zenkovich,16,16,0,1,2,3,0,0,0,0,0,0,1A ground
Clover-2017-2,1,2018,4,14,Paige Zenkovich,9,18,0,1,4,4,0,0,0,0,0,0,6A ground
Clover-2017-2,1,2018,4,15,Paige Zenkovich,21,26,0,1,11,3,0,0,0,0,0,0,1A ground
Clover-2017-2,1,2018,4,16,Paige Zenkovich,37,29,0,0,17,3,0,0,0,0,0,0,
Clover-2017-2,1,2018,4,17,Paige Zenkovich,118,32,0,1,49,5,0,1,1,0,0,0,1A ground
Clover-2017-2,1,2018,4,18,Paige Zenkovich,165,17,0,1,97,16,2,2,17,2,0,1,13A plastic
Clover-2017-2,1,2018,4,19,Paige Zenkovich,117,7,1,3,115,18,5,4,43,3,8,3,18A 4J plastc
Clover-2017-2,2,2018,5,31,ML,0,0,0,0,0,1,0,0,0,1,0,0,
Clover-2017-2,2,2018,6,1,ML,0,0,0,0,0,0,0,0,0,1,1,0,
Clover-2017-2,2,2018,6,2,ML,3,0,0,0,0,0,1,1,0,0,5,1,
Clover-2017-2,2,2018,6,3,ML,6,0,0,0,3,0,0,0,0,0,1,1,
Clover-2017-2,2,2018,6,4,ML,24,2,1,0,4,0,0,0,0,0,0,0,
Clover-2017-2,2,2018,6,5,ML,27,2,0,0,3,0,0,0,6,0,0,0,
Clover-2017-2,2,2018,6,6,IC,25,6,5,1,0,0,1,0,0,0,5,1,
Clover-2017-2,2,2018,6,7,ML,43,3,0,0,3,1,0,0,3,1,2,0,
Clover-2017-2,2,2018,6,8,ML,46,7,0,1,0,1,3,1,3,0,2,0,
Clover-2017-2,2,2018,6,9,IC,28,6,12,13,0,1,0,0,0,0,1,3,
Clover-2017-2,2,2018,6,10,IC,16,25,18,16,0,0,0,0,6,2,0,1,
Clover-2017-2,2,2018,6,11,ML,57,55,0,0,5,0,0,0,6,5,1,1,
Clover-2017-2,2,2018,6,12,ML,137,50,0,0,0,3,0,0,21,4,2,2,
Clover-2017-2,2,2018,6,13,ML,175,53,52,7,6,0,0,1,17,5,1,3,3 aphids on soil
Clover-2017-2,2,2018,6,14,ML,228,37,4,3,32,8,20,10,93,41,24,14,1 aphid on soil
Clover-2017-2,2,2018,6,15,ML,387,49,4,4,41,7,85,7,117,27,95,25,12 aphids on plasic
Clover-2017-2,2,2018,6,16,LG,62,19,26,7,12,2,170,15,27,10,169,25,"2 aphids on soil, 14 on plastic"
Clover-2017-2,2,2018,6,17,LG,18,4,4,1,6,3,117,8,31,6,145,10,"3 aphids on soil, 15 on plastic"
Clover-2017-2,2,2018,6,18,ML,26,9,6,1,2,0,32,1,14,3,18,3,"8J, 1A on plastic"
Clover-2017-2,2,2018,6,19,IC,15,1,3,3,2,1,1,0,30,4,4,1,2J on side
Clover-2017-2,3,2018,5,31,ML,0,1,1,0,0,1,3,0,0,0,0,0,
Clover-2017-2,3,2018,6,1,ML,9,1,0,0,4,1,0,0,0,0,0,0,
Clover-2017-2,3,2018,6,2,ML,17,1,0,0,8,1,1,0,1,0,0,0,
Clover-2017-2,3,2018,6,3,ML,19,1,0,0,13,0,4,1,2,0,0,0,
Clover-2017-2,3,2018,6,4,ML,30,1,0,0,15,0,3,1,3,0,0,0,
Clover-2017-2,3,2018,6,5,ML,38,1,0,0,14,0,4,1,0,0,0,0,
Clover-2017-2,3,2018,6,6,LG,47,3,0,0,17,0,0,0,0,0,0,0,
Clover-2017-2,3,2018,6,7,ML,29,12,0,1,22,1,4,1,0,0,0,0,
Clover-2017-2,3,2018,6,8,ML,37,28,4,1,11,3,2,1,0,0,0,0,
Clover-2017-2,3,2018,6,9,IC,46,32,0,0,7,5,6,2,0,1,0,0,
Clover-2017-2,3,2018,6,10,IC,116,47,0,0,15,11,18,2,0,1,0,0,
Clover-2017-2,3,2018,6,11,ML,265,58,0,0,21,5,20,2,6,2,0,1,
Clover-2017-2,3,2018,6,12,ML,296,43,0,0,38,6,40,7,57,25,0,7,3A on plastic
Clover-2017-2,3,2018,6,13,ML,390,32,52,6,98,17,88,10,92,34,25,6,"1 on soil, 12 on plastic"
Clover-2017-2,3,2018,6,14,ML,272,32,91,22,94,14,131,21,122,36,44,12,"10 on soil, 17 on plastic"
Clover-2017-2,3,2018,6,15,ML,149,28,77,16,39,8,76,12,135,67,37,16,15 on plastic
Clover-2017-2,3,2018,6,16,LG,124,24,91,9,6,18,137,13,60,16,27,10,17 on plastic
Clover-2017-2,3,2018,6,17,LG,13,3,41,2,6,3,120,8,41,15,42,3,1J on plastic
Clover-2017-2,3,2018,6,18,ML,7,2,0,0,0,0,48,4,32,6,35,18,
Clover-2017-2,3,2018,6,19,LG,12,1,0,0,8,0,6,0,20,2,2,0,
Clover-2017-2,4,2018,6,14,ML,0,0,0,0,0,0,0,1,0,1,0,0,
Clover-2017-2,4,2018,6,15,ML,0,0,0,0,0,0,0,1,0,0,0,1,
Clover-2017-2,4,2018,6,16,LG,0,0,0,1,0,0,0,0,0,0,0,0,
Clover-2017-2,4,2018,6,17,LG,2,2,0,0,0,0,0,0,0,0,0,0,
Clover-2017-2,4,2018,6,18,ML,12,2,0,0,0,0,0,0,0,0,0,0,
Clover-2017-2,4,2018,6,19,IC,16,2,0,0,0,0,1,0,0,0,0,0,
Clover-2017-2,4,2018,6,20,LG,17,2,0,0,0,0,0,0,0,0,0,0,
Clover-2017-2,4,2018,6,21,ML,26,2,0,0,0,0,0,0,0,0,0,0,
Clover-2017-2,4,2018,6,22,ML,28,4,0,0,0,0,0,0,0,0,0,0,
Clover-2017-2,4,2018,6,23,ML,28,4,0,0,0,0,0,0,8,8,0,0,
Clover-2017-2,4,2018,6,24,ML,26,7,0,3,0,0,0,0,12,9,0,0,
Clover-2017-2,4,2018,6,25,IC,19,7,1,1,0,0,0,0,5,11,24,7,
Clover-2017-2,4,2018,6,26,ML,1,0,1,0,25,14,59,15,0,0,0,0,
Clover-2017-2,4,2018,6,27,ML,3,2,0,1,29,8,0,0,4,0,103,21,
Clover-2017-2,4,2018,6,28,ML,0,0,1,2,63,7,3,0,183,32,1,2,
Clover-2017-2,4,2018,6,29,ML,1,2,5,0,73,14,7,2,188,52,4,4,
Clover-2017-2,4,2018,6,30,LG,60,1,19,4,0,1,10,3,146,18,186,14,"6A, 6J on sides"
Clover-2017-2,4,2018,7,1,LG,52,3,17,5,4,1,18,3,130,14,176,13,"1A, 9J on sides"
Clover-2017-2,4,2018,7,2,ML,2,0,22,2,29,4,19,4,98,19,150,14,
Clover-2017-2,5,2018,6,14,ML,0,1,0,0,0,0,0,0,0,1,0,0,
Clover-2017-2,5,2018,6,15,ML,0,0,0,1,0,0,0,0,0,1,0,0,
Clover-2017-2,5,2018,6,16,LG,0,0,0,0,0,0,0,0,0,1,0,0,
Clover-2017-2,5,2018,6,17,LG,0,0,0,1,0,0,0,0,0,1,0,0,
Clover-2017-2,5,2018,6,18,ML,0,0,3,1,0,0,0,0,2,1,0,0,
Clover-2017-2,5,2018,6,19,LG,4,1,0,0,1,0,0,0,6,1,0,0,
Clover-2017-2,5,2018,6,20,LG,4,0,3,1,1,0,1,0,6,1,0,0,
Clover-2017-2,5,2018,6,21,ML,9,1,2,0,4,0,0,0,9,1,0,0,
Clover-2017-2,5,2018,6,22,ML,31,1,0,0,7,0,0,0,17,1,0,0,
Clover-2017-2,5,2018,6,23,ML,39,1,0,0,10,0,0,0,8,1,0,0,
Clover-2017-2,5,2018,6,24,ML,57,7,0,0,8,0,1,1,16,0,0,0,
Clover-2017-2,5,2018,6,25,ML,52,14,0,0,7,0,0,0,9,2,0,0,
Clover-2017-2,5,2018,6,26,ML,58,22,1,0,1,0,0,0,7,3,0,0,
Clover-2017-2,5,2018,6,27,ML,58,36,2,2,0,0,0,0,7,3,0,0,
Clover-2017-2,5,2018,6,28,ML,79,56,1,2,0,0,0,0,11,11,0,0,
Clover-2017-2,5,2018,6,29,ML,152,63,4,0,1,0,0,0,39,24,0,0,
Clover-2017-2,5,2018,6,30,LG,128,39,133,9,11,4,9,3,67,28,9,3,3A on sides
Clover-2017-2,5,2018,7,1,LG,102,16,104,18,14,1,68,6,81,27,53,9,
Clover-2017-2,5,2018,7,2,LG,57,14,115,6,0,1,110,9,49,13,90,11,
Clover-2017-2,5,2018,7,3,IC,42,7,87,7,27,1,115,12,62,15,100,13,1J on side
Clover-2017-2,5,2018,7,4,IC,11,0,87,8,16,0,91,9,31,5,127,11,"1J, 1A on side"
Clover-2017-2,5,2018,7,5,IC,9,2,86,4,11,1,87,6,19,8,115,10,1A on side
Clover-2017-2,6,2018,7,6,LG,0,0,0,0,0,0,0,1,0,0,0,0,1A on plastic
Clover-2017-2,6,2018,7,8,IC,0,0,0,0,1,1,0,0,5,0,0,0,
Clover-2017-2,6,2018,7,9,IC,0,0,0,0,2,1,0,0,5,0,0,0,
Clover-2017-2,6,2018,7,10,IC,0,0,0,0,2,1,0,0,5,0,0,0,
Clover-2017-2,6,2018,7,11,IC,3,0,0,0,2,1,0,0,5,0,0,0,
Clover-2017-2,6,2018,7,12,ML,7,1,0,0,0,0,0,0,3,0,0,0,
Clover-2017-2,6,2018,7,13,ML,6,1,4,1,0,0,0,0,1,1,0,0,
Clover-2017-2,6,2018,7,14,ML,2,4,7,2,1,1,0,0,1,3,0,0,
Clover-2017-2,6,2018,7,15,ML,6,8,2,0,0,0,7,3,0,1,0,1,
Clover-2017-2,6,2018,7,16,ML,18,4,1,0,2,2,3,2,1,0,2,1,
Clover-2017-2,6,2018,7,17,ML,18,5,0,1,2,1,4,1,13,2,17,2,
Clover-2017-2,6,2018,7,18,IC,15,2,0,0,9,4,3,1,24,4,25,1,
Clover-2017-2,6,2018,7,19,LG,19,2,0,1,41,6,6,3,22,4,40,2,
Clover-2017-2,6,2018,7,20,LG,18,3,0,0,60,5,16,6,40,4,58,6,
Clover-2017-2,6,2018,7,21,IC,18,10,0,0,15,8,0,3,146,27,49,29,
Clover-2017-2,6,2018,7,22,IC,14,7,1,1,40,16,2,8,176,28,29,13,"1J, 1A on side"
Clover-2017-2,6,2018,7,23,ML,24,5,0,1,67,14,1,7,132,56,50,28,
Clover-2017-2,6,2018,7,24,ML,48,7,4,2,115,27,66,6,198,47,118,49,"7J, 10A on side"
Clover-2017-2,6,2018,7,25,ML,3,0,9,1,88,22,45,14,138,38,158,53,"1A on soil; 2J, 1A on side"
Clover-2017-2,6,2018,7,26,ML,8,4,19,6,75,17,62,16,157,25,794,30,"5J, 6A on soil; 16J, 14A on side"
Clover-2017-2,6,2018,7,27,ML,14,4,53,15,111,20,100,15,131,11,190,29,"15A on soil; 20J, 6A on side"
Clover-2017-2,6,2018,7,28,ML,14,2,21,4,60,7,95,20,11,3,147,29,"5A, 4J on soil; 16J, 8A on side"
Clover-2017-2,6,2018,7,29,IC,9,0,2,1,17,2,7,0,49,16,150,14,"2J, 2A on side"
Clover-2017-2,6,2018,7,30,ML,1,6,8,4,11,3,1,0,25,6,25,10,1A on side
Clover-2017-6,1,2018,4,5,Paige Zenkovich,0,0,0,0,0,0,0,0,0,0,0,0,2A ground
Clover-2017-6,1,2018,4,6,Paige Zenkovich,6,0,0,0,0,0,1,1,1,1,2,0,
Clover-2017-6,1,2018,4,7,Paige Zenkovich,14,0,0,0,0,0,2,1,3,1,2,0,
Clover-2017-6,1,2018,4,8,Paige Zenkovich,16,0,0,0,0,0,0,0,6,2,0,0,
Clover-2017-6,1,2018,4,9,Paige Zenkovich,32,1,0,0,0,0,0,0,7,0,0,1,
Clover-2017-6,1,2018,4,10,Paige Zenkovich,27,7,0,0,6,3,0,0,5,0,0,0,
Clover-2017-6,1,2018,4,11,Paige Zenkovich,32,16,0,0,6,1,0,0,0,1,0,0,
Clover-2017-6,1,2018,4,12,Paige Zenkovich,26,24,0,0,0,9,0,0,0,1,0,0,
Clover-2017-6,1,2018,4,13,Paige Zenkovich,26,35,0,0,3,6,0,2,0,0,0,0,
Clover-2017-6,1,2018,4,14,Paige Zenkovich,32,37,0,2,2,5,0,0,0,1,0,1,
Clover-2017-6,1,2018,4,15,Paige Zenkovich,82,52,0,2,6,3,0,1,0,0,0,4,
Clover-2017-6,1,2018,4,16,Paige Zenkovich,188,51,0,0,23,2,2,2,1,0,4,9,
Clover-2017-6,1,2018,4,17,Paige Zenkovich,242,53,1,6,30,2,0,4,3,5,9,11,5A plastic
Clover-2017-6,1,2018,4,18,Paige Zenkovich,160,19,4,3,27,5,9,0,40,33,52,17,11A4J plastic 2A2J ground
Clover-2017-6,2,2018,5,31,LG,0,0,2,0,0,0,0,0,0,0,0,0,
Clover-2017-6,2,2018,6,1,LG,2,0,0,0,0,0,0,0,0,0,1,0,
Clover-2017-6,2,2018,6,2,ML,1,0,1,0,0,0,0,0,0,0,0,0,
Clover-2017-6,2,2018,6,3,ML,3,0,0,0,0,0,0,0,0,0,1,0,
Clover-2017-6,2,2018,6,4,LG,0,0,2,0,0,0,0,0,0,0,1,0,
Clover-2017-6,2,2018,6,5,LG,4,0,0,0,0,0,0,0,0,0,0,0,
Clover-2017-6,2,2018,6,6,LG,3,0,0,0,0,0,0,0,0,0,0,0,
Clover-2017-6,2,2018,6,7,LG,0,3,0,0,0,0,0,0,0,0,0,0,
Clover-2017-6,2,2018,6,8,LG,10,2,0,0,0,0,0,0,0,1,0,0,
Clover-2017-6,2,2018,6,9,IC,36,2,0,0,0,0,0,0,0,1,0,0,
Clover-2017-6,2,2018,6,10,LG,48,0,0,0,0,1,1,0,0,0,0,0,
Clover-2017-6,2,2018,6,11,LG,49,0,0,0,0,0,0,0,5,1,0,0,
Clover-2017-6,2,2018,6,12,LG,47,6,0,0,0,0,0,0,5,1,0,0,
Clover-2017-6,2,2018,6,13,LG,66,6,0,0,0,0,1,0,5,1,0,0,
Clover-2017-6,2,2018,6,14,LG,44,7,1,1,0,0,3,1,11,2,0,0,
Clover-2017-6,2,2018,6,15,LG,20,12,0,2,0,0,5,5,15,12,1,3,
Clover-2017-6,2,2018,6,16,LG,21,13,2,5,0,0,0,3,21,32,2,1,
Clover-2017-6,2,2018,6,17,LG,19,4,2,0,0,0,0,4,101,37,8,0,
Clover-2017-6,2,2018,6,18,LG,6,3,3,2,3,1,9,3,87,19,27,10,6 on plastic
Clover-2017-6,2,2018,6,19,LG,23,4,15,2,3,1,15,6,66,10,57,5,
Clover-2017-6,2,2018,6,20,LG,26,0,10,2,2,0,65,6,53,14,111,2,11 on plastic
Clover-2017-6,2,2018,6,21,LG,16,0,18,0,0,0,48,2,75,12,182,6,1J on side
Clover-2017-6,2,2018,6,22,LG,4,0,46,3,1,0,101,1,53,3,201,2,"2A, 3J on side"
Clover-2017-6,2,2018,6,23,ML,7,0,46,1,14,2,96,3,79,5,180,3,"3J on side, 1J on soil"
Clover-2017-6,2,2018,6,24,ML,11,0,6,0,7,2,25,0,98,1,6,0,14J on side
Clover-2017-6,3,2018,5,31,LG,0,0,0,0,0,0,0,0,0,0,0,0,
Clover-2017-6,3,2018,6,1,LG,0,0,0,0,0,0,0,0,0,0,0,1,
Clover-2017-6,3,2018,6,2,ML,0,0,0,0,0,0,0,0,0,0,0,0,
Clover-2017-6,3,2018,6,3,ML,3,0,0,0,0,0,1,0,0,0,8,1,
Clover-2017-6,3,2018,6,4,LG,0,0,10,1,0,0,0,0,0,0,4,0,
Clover-2017-6,3,2018,6,5,LG,19,1,2,0,0,0,1,0,0,0,1,0,
Clover-2017-6,3,2018,6,6,LG,35,1,0,0,0,0,0,0,0,0,3,0,
Clover-2017-6,3,2018,6,7,LG,39,1,0,0,1,0,1,0,0,0,0,0,
Clover-2017-6,3,2018,6,8,LG,42,9,0,0,0,0,0,2,0,0,1,2,
Clover-2017-6,3,2018,6,9,IC,0,3,0,1,0,0,35,16,0,0,0,1,
Clover-2017-6,3,2018,6,10,IC,0,2,6,2,0,0,35,22,0,1,1,3,
Clover-2017-6,3,2018,6,11,LG,3,3,11,5,0,0,61,26,9,2,24,0,
Clover-2017-6,3,2018,6,12,LG,4,2,46,6,11,0,90,9,18,1,31,0,
Clover-2017-6,3,2018,6,13,LG,20,9,27,2,46,1,169,22,18,3,68,9,
Clover-2017-6,3,2018,6,14,LG,21,1,49,1,61,2,176,13,66,22,235,9,3A on sides
Clover-2017-6,3,2018,6,15,LG,11,4,34,2,88,9,190,18,156,26,277,26,"7J, 8A on sides"
Clover-2017-6,3,2018,6,16,LG,15,5,5,11,32,6,50,6,164,32,242,17,"23J, 6A on sides"
Clover-2017-6,3,2018,6,17,LG,36,11,13,2,52,8,44,6,151,24,45,16,"13J, 3A on sides"
Clover-2017-6,3,2018,6,18,LG,3,1,0,1,2,0,1,2,42,4,46,1,3A on sides
Clover-2017-6,3,2018,6,19,LG,0,0,3,1,0,0,9,0,24,6,32,7,
Clover-2017-6,4,2018,6,14,LG,0,0,1,0,1,0,0,0,0,0,1,1,
Clover-2017-6,4,2018,6,15,LG,0,0,0,0,0,0,2,0,0,1,0,0,
Clover-2017-6,4,2018,6,16,LG,0,0,0,0,0,0,1,0,3,1,0,0,
Clover-2017-6,4,2018,6,17,LG,0,0,1,0,0,0,0,0,5,1,0,0,1J on plastic
Clover-2017-6,4,2018,6,18,LG,0,0,2,0,0,0,0,0,4,1,0,0,
Clover-2017-6,4,2018,6,19,LG,0,0,2,0,0,0,2,0,7,1,0,0,
Clover-2017-6,4,2018,6,20,LG,0,0,3,0,1,0,2,0,10,1,0,0,
Clover-2017-6,4,2018,6,21,LG,0,0,7,0,0,0,2,0,9,1,0,0,
Clover-2017-6,4,2018,6,22,LG,0,0,5,1,0,1,5,0,5,1,4,0,
Clover-2017-6,4,2018,6,23,ML,2,0,5,1,1,2,2,0,0,4,0,0,
Clover-2017-6,4,2018,6,24,ML,0,0,14,5,0,2,0,0,7,1,0,2,
Clover-2017-6,4,2018,6,25,LG,0,0,34,4,1,0,0,0,6,1,9,0,
Clover-2017-6,4,2018,6,26,LG,1,0,1,2,47,4,0,0,4,0,21,4,
Clover-2017-6,4,2018,6,27,LG,0,0,4,2,52,1,0,1,13,2,5,3,
Clover-2017-6,4,2018,6,28,LG,4,1,59,6,1,1,2,0,27,10,34,3,
Clover-2017-6,4,2018,6,29,LG,7,1,57,6,1,0,4,1,85,19,66,3,
Clover-2017-6,4,2018,6,30,LG,7,0,57,7,4,2,6,3,120,26,54,2,"1A, 1J on soil, 1J on plastic"
Clover-2017-6,4,2018,7,1,LG,3,1,42,15,4,0,9,11,119,25,110,17,"4J, 6A on plastic"
Clover-2017-6,4,2018,7,2,LG,3,2,63,12,3,3,15,9,80,29,96,21,
Clover-2017-6,4,2018,7,3,LG,1,0,45,4,1,0,13,10,89,43,83,18,
Clover-2017-6,4,2018,7,4,IC,1,3,37,10,27,3,26,12,84,21,67,20,
Clover-2017-6,4,2018,7,5,LG,7,7,81,8,3,1,51,16,80,11,47,4,
Clover-2017-6,4,2018,7,6,LG,8,1,58,4,0,0,49,8,99,28,68,11,
Clover-2017-6,4,2018,7,8,IC,28,0,19,3,24,1,6,1,40,5,6,1,"Plant dead; 7J, 8A on side"
Clover-2017-6,5,2018,6,14,LG,0,0,2,1,0,0,0,0,0,0,5,1,
Clover-2017-6,5,2018,6,15,LG,0,0,1,1,0,0,1,0,0,0,5,1,
Clover-2017-6,5,2018,6,16,LG,0,0,2,1,0,0,3,1,0,0,3,0,
Clover-2017-6,5,2018,6,17,LG,3,1,0,0,0,0,3,0,0,0,0,0,
Clover-2017-6,5,2018,6,18,LG,9,1,5,1,0,0,2,0,0,0,0,0,
Clover-2017-6,5,2018,6,19,LG,13,1,9,1,0,0,4,0,0,0,0,0,
Clover-2017-6,5,2018,6,20,LG,21,1,8,1,0,0,3,0,0,0,2,0,
Clover-2017-6,5,2018,6,21,LG,25,1,9,1,0,0,6,0,0,0,2,0,
Clover-2017-6,5,2018,6,22,LG,21,1,10,1,0,0,5,0,0,0,2,0,
Clover-2017-6,5,2018,6,23,ML,17,12,19,5,1,0,1,1,0,0,1,0,
Clover-2017-6,5,2018,6,24,ML,24,19,19,6,3,1,4,1,0,0,2,1,
Clover-2017-6,5,2018,6,25,LG,36,16,25,4,1,1,7,1,1,1,1,2,
Clover-2017-6,5,2018,6,26,LG,67,16,39,6,0,0,7,1,3,5,0,1,1A on soil
Clover-2017-6,5,2018,6,27,LG,97,9,3,6,1,1,8,5,11,13,12,2,3A on plastic
Clover-2017-6,5,2018,6,28,LG,71,1,65,4,4,1,22,5,34,9,22,14,"4A, 4J on plastic"
Clover-2017-6,5,2018,6,29,LG,86,2,76,6,5,1,56,10,13,5,62,21,"2A, 6J on plastic"
Clover-2017-6,5,2018,6,30,LG,23,3,133,6,1,0,159,4,11,1,151,26,"1A, 5J on plastic"
Clover-2017-6,5,2018,7,1,LG,36,3,30,4,83,8,166,8,19,3,40,6,"19J, 9A on plastic"
Clover-2017-6,5,2018,7,2,LG,23,3,10,1,67,3,7,2,69,8,8,1,"52J, 3A on plastic"
Clover-2017-6,6,2018,6,14,LG,0,0,0,0,0,0,1,1,0,0,7,0,
Clover-2017-6,6,2018,6,15,LG,0,0,0,0,0,0,2,1,0,0,7,0,
Clover-2017-6,6,2018,6,16,LG,0,0,0,0,0,0,3,1,0,0,7,0,
Clover-2017-6,6,2018,6,17,LG,0,0,0,0,0,0,2,1,0,0,6,0,
Clover-2017-6,6,2018,6,18,LG,0,0,7,0,1,0,2,1,0,0,5,0,
Clover-2017-6,6,2018,6,19,LG,0,0,7,0,0,0,1,0,0,0,4,0,
Clover-2017-6,6,2018,6,20,LG,0,0,8,0,0,0,4,0,0,0,4,0,
Clover-2017-6,6,2018,6,21,LG,0,0,1,0,2,0,9,1,0,0,2,2,1J on soil
Clover-2017-6,6,2018,6,22,LG,0,0,0,0,3,3,9,2,0,0,2,2,
Clover-2017-6,6,2018,6,23,ML,0,0,0,0,11,4,7,2,15,0,16,5,1J on side
Clover-2017-6,6,2018,6,24,ML,0,0,0,0,36,8,9,2,15,1,42,4,
Clover-2017-6,6,2018,6,25,LG,1,2,0,0,33,7,7,1,14,2,52,4,"1J on soil, 1J on plastic"
Clover-2017-6,6,2018,6,26,LG,0,0,1,0,36,5,23,2,11,1,77,6,
Clover-2017-6,6,2018,6,27,LG,5,0,2,4,22,0,25,4,22,1,96,6,
Clover-2017-6,6,2018,6,28,LG,2,0,3,2,21,2,19,4,52,9,78,8,1A on side
Clover-2017-6,6,2018,6,29,LG,2,2,7,3,25,8,14,10,57,14,94,9,
Clover-2017-6,6,2018,6,30,LG,2,4,7,2,28,13,30,5,67,24,153,65,"2A, 3J on side"
Clover-2017-6,6,2018,7,1,LG,4,2,5,5,32,11,29,8,87,21,139,20,"5A, 7J on side"
Clover-2017-6,6,2018,7,2,LG,2,3,18,5,16,3,68,5,75,30,101,12,"1A, 7J on side"
Clover-2017-6,6,2018,7,3,LG,2,1,14,6,15,6,64,11,89,31,112,19,
Clover-2017-6,6,2018,7,4,IC,2,0,24,5,19,1,32,7,111,16,75,17,"1J, 2A on side"
Clover-2017-6,7,2018,6,14,LG,0,0,1,0,0,0,0,0,0,0,0,1,
Clover-2017-6,7,2018,6,15,LG,0,0,1,0,0,0,0,0,0,0,6,1,
Clover-2017-6,7,2018,6,16,LG,0,0,1,0,0,0,0,0,1,0,11,1,
Clover-2017-6,7,2018,6,17,LG,0,0,0,0,0,0,1,0,1,0,19,2,
Clover-2017-6,7,2018,6,18,LG,2,0,0,0,0,0,0,0,1,0,10,2,
Clover-2017-6,7,2018,6,19,LG,3,0,0,0,0,0,0,0,1,0,14,0,
Clover-2017-6,7,2018,6,20,LG,4,0,0,0,0,0,0,0,2,0,23,5,
Clover-2017-6,7,2018,6,21,LG,6,0,0,0,0,0,0,0,6,1,22,1,
Clover-2017-6,7,2018,6,22,LG,6,2,0,0,0,0,0,0,6,1,23,3,
Clover-2017-6,7,2018,6,23,ML,5,6,1,0,0,0,1,0,12,8,43,9,
Clover-2017-6,7,2018,6,24,ML,11,5,1,1,0,0,0,0,12,6,53,34,
Clover-2017-6,7,2018,6,25,LG,31,1,4,1,0,0,0,3,12,4,135,19,
Clover-2017-6,7,2018,6,26,LG,27,0,14,1,2,0,6,3,15,7,137,16,
Clover-2017-6,7,2018,6,27,LG,41,0,30,6,7,2,37,5,73,10,55,1,"8J, 3A on soil; 18J, 5A on side"
Clover-2017-6,7,2018,6,28,LG,24,3,45,6,13,2,70,9,44,9,55,6,"3rd leaflet dying-hard to see; 13J, 8A on side"
Clover-2017-6,7,2018,6,29,LG,24,4,12,2,17,2,10,1,70,4,4,2,"13J, 4A on side"
Clover-2017-6,7,2018,6,30,LG,1,0,0,0,0,0,1,0,0,1,0,0,Plant is dead
G15,1,2017,10,20,Emily Snelson,0,0,4,2,0,0,0,0,0,0,0,0,
G15,1,2017,10,21,Emily Snelson,0,0,5,2,0,0,0,0,0,0,0,0,
G15,1,2017,10,22,Emily Snelson,0,0,18,2,0,0,0,0,0,0,0,0,
G15,1,2017,10,23,Emily Snelson,0,0,23,2,0,0,0,0,0,0,0,0,
G15,1,2017,10,24,Emily Snelson,0,0,36,2,0,0,0,0,0,0,0,0,
G15,1,2017,10,25,Emily Snelson,0,0,38,2,0,0,0,0,0,0,0,0,
G15,1,2017,10,26,Emily Snelson,0,0,40,6,0,0,0,0,0,0,0,0,
G15,1,2017,10,27,Emily Snelson,0,0,36,11,0,0,0,0,0,0,0,0,
G15,1,2017,10,28,Emily Snelson,0,0,32,14,0,0,0,0,0,0,0,0,
G15,1,2017,10,29,Emily Snelson,0,0,45,18,0,0,0,1,0,0,0,0,
G15,1,2017,10,30,Emily Snelson,2,0,56,19,0,0,0,1,0,0,0,0,
G15,1,2017,10,31,Emily Snelson,0,1,106,26,0,0,2,1,0,0,0,0,
G15,1,2017,11,1,Emily Snelson,0,0,140,40,0,0,4,1,0,0,0,0,
G15,1,2017,11,2,Emily Snelson,0,0,193,29,0,0,19,6,0,0,0,0,
G15,1,2017,11,3,Emily Snelson,0,4,302,38,0,0,0,1,0,0,0,0,
G15,1,2017,11,4,Emily Snelson,0,14,312,44,2,1,1,2,1,1,0,0,
G15,1,2017,11,5,Emily Snelson,5,3,384,51,7,2,14,4,3,2,0,5,7 adults on walls
G15,1,2017,11,6,Emily Snelson,40,13,153,19,14,5,78,10,7,1,81,11,10 adults and 7 juv on walls; plant wilting
G15,1,2017,11,7,Emily Snelson,107,22,59,6,60,12,8,4,23,4,13,4,26 juv and 31 adults on walls
G15,1,2017,11,8,Emily Snelson,16,5,7,3,44,8,5,3,47,14,10,4,5 adults and 7 juv on walls
G15,1,2017,11,9,Emily Snelson,6,0,2,3,2,3,0,0,7,6,5,0,
G15,1,2017,11,10,Emily Snelson,0,0,0,0,2,1,0,0,0,0,0,0,
G15,1,2017,11,11,Emily Snelson,0,0,0,0,0,0,0,0,0,0,0,0,
G15,2,2017,11,12,Emily Snelson,0,0,0,0,0,0,6,1,0,0,6,1,
G15,2,2017,11,13,Emily Snelson,0,0,0,0,0,0,12,1,0,0,13,1,
G15,2,2017,11,14,Emily Snelson,0,0,0,0,0,0,14,1,0,0,14,1,
G15,2,2017,11,15,Emily Snelson,0,0,0,0,0,0,20,1,0,0,24,1,
G15,2,2017,11,16,Emily Snelson,0,0,1,0,0,0,23,1,0,0,25,1,
G15,2,2017,11,17,Emily Snelson,0,0,1,0,0,0,27,1,0,0,30,1,
G15,2,2017,11,18,Emily Snelson,0,0,0,0,0,0,35,1,0,0,37,1,
G15,2,2017,11,19,Emily Snelson,0,0,2,0,0,0,26,1,0,0,35,1,
G15,2,2017,11,20,Emily Snelson,0,0,3,0,0,0,31,2,0,0,39,1,
G15,2,2017,11,21,Emily Snelson,4,0,4,0,0,0,30,4,0,0,44,2,
G15,2,2017,11,22,Emily Snelson,3,1,5,0,0,0,28,6,0,0,38,2,
G15,2,2017,11,24,Tony Ives,3,2,10,0,0,0,42,4,0,0,44,9,
G15,2,2017,11,26,Emily Snelson,5,3,11,4,1,0,49,6,0,0,88,11,
G15,2,2017,11,27,Emily Snelson,9,3,14,5,2,1,88,9,0,1,117,14,
G15,2,2017,11,28,Emily Snelson,9,2,19,6,6,3,164,19,2,0,134,20,
G15,2,2017,11,29,Emily Snelson,25,3,21,3,8,2,171,35,0,5,176,23,
G15,2,2017,11,30,Emily Snelson,12,2,26,5,23,3,158,30,8,2,221,28,6 adults and 3 juv on walls
G15,2,2017,12,1,Emily Snelson,69,3,14,2,71,15,65,10,142,18,27,2,"plant wilting, 21 adults and 17 juv on walls"
G15,2,2017,12,2,Emily Snelson,36,6,3,0,73,5,8,1,101,9,7,1,
R10,1,2017,10,20,Emily Snelson,2,0,1,0,1,0,0,1,0,0,3,1,
R10,1,2017,10,21,Emily Snelson,7,0,0,0,0,2,2,0,1,0,0,0,
R10,1,2017,10,22,Emily Snelson,12,2,0,0,1,0,2,0,0,0,1,0,
R10,1,2017,10,23,Emily Snelson,21,2,3,0,0,0,0,0,0,0,2,0,
R10,1,2017,10,24,Emily Snelson,30,2,0,0,0,0,1,1,0,0,0,0,
R10,1,2017,10,25,Emily Snelson,31,3,1,0,3,0,1,0,0,0,2,1,
R10,1,2017,10,26,Emily Snelson,30,7,2,2,0,0,2,0,0,0,5,1,
R10,1,2017,10,27,Emily Snelson,33,10,0,2,0,0,1,0,0,0,4,3,
R10,1,2017,10,28,Emily Snelson,32,9,1,0,0,0,0,0,0,0,4,2,
R10,1,2017,10,29,Emily Snelson,61,27,0,0,0,0,1,1,0,0,0,0,
R10,1,2017,10,30,Emily Snelson,101,25,0,1,0,0,0,1,0,0,0,0,
R10,1,2017,10,31,Emily Snelson,152,30,0,0,0,1,1,1,0,0,0,1,
R10,1,2017,11,1,Emily Snelson,208,37,0,0,5,4,1,1,0,0,4,3,
R10,1,2017,11,2,Emily Snelson,201,28,17,1,32,5,5,1,10,4,13,2,2 juv on walls
R10,1,2017,11,3,Emily Snelson,286,29,38,2,31,1,15,7,20,7,29,6,1 juv and 1 adult on walls
R10,1,2017,11,4,Emily Snelson,410,37,29,4,47,4,49,4,35,1,33,3,1 adult on wall
R10,1,2017,11,5,Emily Snelson,143,18,85,5,35,2,154,9,29,6,149,10,7 juv and 8 adults on wall
R10,1,2017,11,6,Emily Snelson,241,20,43,6,61,7,29,5,96,5,33,5,11 juv and 13 adults on wall; plant wilting
R10,1,2017,11,7,Emily Snelson,149,2,9,0,27,4,11,3,66,3,20,1,7 juv and 10 adults on wall
R10,1,2017,11,8,Emily Snelson,19,7,1,0,11,0,0,0,7,1,0,0,
R10,1,2017,11,9,Emily Snelson,0,0,0,0,0,0,0,0,0,0,0,0,
R10,1,2017,11,10,Emily Snelson,0,0,0,0,,0,0,0,0,,0,0,
R10,2,2017,11,12,Emily Snelson,0,0,0,1,0,0,1,0,0,0,7,1,
R10,2,2017,11,13,Emily Snelson,0,0,2,1,0,0,8,1,0,0,4,0,
R10,2,2017,11,14,Emily Snelson,0,0,4,1,0,0,13,1,0,0,3,0,
R10,2,2017,11,15,Emily Snelson,1,0,11,1,0,0,20,1,0,0,2,0,
R10,2,2017,11,16,Emily Snelson,4,0,26,1,0,0,22,1,0,0,4,0,
R10,2,2017,11,17,Emily Snelson,6,0,25,3,0,0,25,1,0,0,3,0,
R10,2,2017,11,18,Emily Snelson,4,0,42,5,0,0,32,3,0,0,0,2,
R10,2,2017,11,19,Emily Snelson,1,0,43,8,1,0,35,7,0,0,1,1,
R10,2,2017,11,20,Emily Snelson,1,0,50,15,0,0,33,9,0,0,6,4,
R10,2,2017,11,21,Emily Snelson,1,1,71,23,0,0,34,11,0,1,13,2,
R10,2,2017,11,22,Emily Snelson,1,2,78,18,0,1,40,18,0,0,53,8,
R10,2,2017,11,24,Tony Ives,11,1,19,1,28,3,38,2,26,3,235,20,
R10,2,2017,11,26,Emily Snelson,1,1,0,0,0,0,2,1,10,0,15,1,plant wilted
R10,3,2018,1,29,Lucas Nell,0,0,0,0,0,0,0,0,0,0,0,0,2A ground
R10,3,2018,1,30,Paige Zenkovich,0,0,0,0,1,2,0,0,0,0,0,0,
R10,3,2018,1,31,Paige Zenkovich,3,0,3,0,3,2,0,0,0,0,0,0,
R10,3,2018,2,1,Paige Zenkovich,10,0,4,0,1,2,0,0,1,0,0,0,
R10,3,2018,2,2,Paige Zenkovich,14,0,8,1,4,1,0,0,3,0,1,0,
R10,3,2018,2,3,Paige Zenkovich,26,1,8,0,3,1,0,0,9,0,1,0,
R10,3,2018,2,4,Paige Zenkovich,24,1,8,0,8,1,0,0,5,0,4,0,
R10,3,2018,2,5,Paige Zenkovich,46,2,12,0,12,1,0,0,5,0,1,0,
R10,3,2018,2,6,Paige Zenkovich,61,4,10,0,7,0,1,0,5,0,1,0,1J ground
R10,3,2018,2,7,Paige Zenkovich,69,5,13,0,5,0,9,0,1,0,4,1,"1A, 1J plastic "
R10,3,2018,2,8,Paige Zenkovich,37,3,10,0,2,0,9,1,1,1,21,1,6J plastic; 8J ground
R10,3,2018,2,9,Lucas Nell,37,3,4,0,1,0,1,0,6,0,45,5,5J plastic; 4J ground
R10,3,2018,2,10,Lucas Nell,11,1,1,0,1,0,0,0,4,0,7,0,"3J plastic; 1A, 2J ground"
R10,4,2018,2,13,Paige Zenkovich,0,0,0,0,0,0,0,0,0,0,0,0,2A ground
R10,4,2018,2,14,Paige Zenkovich,9,1,7,1,0,0,0,0,0,0,0,0,
R10,4,2018,2,15,Paige Zenkovich,11,1,11,1,0,0,0,0,0,0,0,0,
R10,4,2018,2,16,Paige Zenkovich,23,1,16,1,0,0,1,0,0,0,0,0,
R10,4,2018,2,17,Paige Zenkovich,28,1,17,1,0,0,0,0,0,0,0,0,
R10,4,2018,2,18,Paige Zenkovich,32,0,19,2,0,0,0,0,1,0,0,0,
R10,4,2018,2,19,Paige Zenkovich,29,0,31,4,1,0,2,0,2,0,1,0,
R10,4,2018,2,20,Paige Zenkovich,26,3,31,5,3,0,4,0,2,0,0,0,
R10,4,2018,2,21,Ian,4,23,30,15,0,1,3,5,2,0,0,1,
R10,4,2018,2,22,Paige Zenkovich,7,30,30,8,0,0,3,5,2,1,0,2,
R10,4,2018,2,23,Paige Zenkovich,54,36,22,9,1,0,0,9,2,2,0,3,
R10,4,2018,2,24,Paige Zenkovich,46,30,14,11,3,0,23,6,1,1,5,15,11A J plastic; 4J ground
R10,4,2018,2,25,Paige Zenkovich,130,37,21,16,2,0,56,10,16,8,18,6,1A plastic
R10,4,2018,2,26,Ian,168,22,43,4,2,0,98,25,6,8,113,29,2A 1J plastic
R10,4,2018,2,27,Ian,126,11,39,6,4,3,83,4,67,9,131,27,2A 2J plastic
R10,5,2018,2,13,Paige Zenkovich,0,0,0,0,0,0,0,0,0,0,0,0,2A ground
R10,5,2018,2,14,Paige Zenkovich,0,0,3,1,0,0,1,0,9,1,2,0,
R10,5,2018,2,15,Paige Zenkovich,2,0,14,1,0,0,0,0,11,1,5,0,
R10,5,2018,2,16,Paige Zenkovich,13,1,13,1,0,0,3,0,8,0,7,0,
R10,5,2018,2,17,Paige Zenkovich,30,1,16,1,1,0,0,0,12,0,0,0,
R10,5,2018,2,18,Paige Zenkovich,40,1,23,1,0,0,0,0,11,0,2,0,
R10,5,2018,2,19,Paige Zenkovich,45,1,25,1,1,0,0,0,15,0,0,0,
R10,5,2018,2,20,Paige Zenkovich,57,1,35,1,1,0,1,0,9,0,0,0,
R10,5,2018,2,21,Ian,35,24,26,15,0,0,0,0,3,1,1,0,
R10,5,2018,2,22,Paige Zenkovich,34,34,35,13,0,0,0,2,5,3,0,0,
R10,5,2018,2,23,Paige Zenkovich,50,49,24,26,0,0,7,1,0,4,0,0,
R10,5,2018,2,24,Paige Zenkovich,83,70,40,28,0,1,12,2,2,0,1,0,
R10,5,2018,2,25,Paige Zenkovich,137,80,47,31,0,0,19,1,0,0,1,1,
R10,5,2018,2,26,Ian,164,30,75,49,8,2,26,2,10,15,17,12,
R10,5,2018,2,27,Ian,132,37,184,40,9,0,85,8,44,6,81,8,
R10,5,2018,2,28,Paige Zenkovich,52,13,85,10,3,2,85,11,72,13,177,11,6A plastic
R10,6,2018,2,13,Paige Zenkovich,0,0,0,0,0,0,0,0,0,0,0,0,2A ground
R10,6,2018,2,14,Paige Zenkovich,0,1,0,0,1,0,3,0,0,0,2,0,
R10,6,2018,2,15,Paige Zenkovich,4,0,2,1,0,0,1,0,0,0,0,0,
R10,6,2018,2,16,Paige Zenkovich,14,0,7,1,0,0,1,0,0,0,0,0,
R10,6,2018,2,17,Paige Zenkovich,19,0,5,1,0,0,2,0,0,0,0,0,
R10,6,2018,2,18,Paige Zenkovich,24,0,10,1,0,0,2,0,0,0,0,0,
R10,6,2018,2,19,Paige Zenkovich,25,0,16,1,0,0,2,0,1,0,0,0,
R10,6,2018,2,20,Paige Zenkovich,26,1,30,1,0,0,1,0,1,0,0,0,
R10,6,2018,2,21,Ian,19,9,29,2,0,0,1,0,1,0,0,0,
R10,6,2018,2,22,Paige Zenkovich,34,25,25,3,0,0,1,0,0,0,0,0,
R10,6,2018,2,23,Paige Zenkovich,23,29,25,5,0,0,0,1,0,1,0,0,
R10,6,2018,2,24,Paige Zenkovich,23,37,6,12,0,0,0,1,0,0,2,0,
R10,6,2018,2,25,Paige Zenkovich,64,50,0,5,0,2,0,1,0,0,0,0,
R10,6,2018,2,26,Ian,107,39,23,11,4,2,1,1,0,0,1,0,7A plastic
R10,6,2018,2,27,Ian,136,26,34,6,16,4,30,8,10,4,3,3,11A 3J plastic
R10,6,2018,2,28,Paige Zenkovich,267,25,0,0,0,1,10,3,11,9,24,10,1A 1J plastic
R10,6,2018,3,1,Paige Zenkovich,323,33,7,4,1,1,19,3,27,9,99,7,5A 2J plastic
R10,6,2018,3,2,Paige Zenkovich,216,27,23,2,10,1,41,6,79,6,102,15,4A 60J plastic
R10,6,2018,3,3,Paige Zenkovich,262,28,30,6,4,1,61,8,87,8,178,12,2A 18J plastic
R10,7,2018,2,13,Paige Zenkovich,0,0,0,0,0,0,0,0,0,0,0,0,2A ground
R10,7,2018,2,14,Paige Zenkovich,0,0,0,0,0,0,0,0,5,2,1,0,
R10,7,2018,2,15,Paige Zenkovich,1,0,0,0,4,0,3,0,3,2,0,0,
R10,7,2018,2,16,Paige Zenkovich,9,0,1,0,4,0,0,0,15,2,0,0,
R10,7,2018,2,17,Paige Zenkovich,22,0,2,0,2,0,1,1,20,1,0,0,
R10,7,2018,2,18,Paige Zenkovich,39,0,10,1,5,0,0,0,15,1,0,0,
R10,7,2018,2,19,Paige Zenkovich,43,1,18,1,14,1,0,0,5,0,0,0,
R10,7,2018,2,20,Paige Zenkovich,57,5,19,1,14,0,0,0,2,0,0,0,
R10,7,2018,2,21,Ian,38,9,30,6,9,2,1,0,3,0,0,0,
R10,7,2018,2,22,Paige Zenkovich,44,29,30,9,9,2,1,0,3,1,0,0,1A ground
R10,7,2018,2,23,Paige Zenkovich,35,38,23,8,1,7,0,0,0,2,0,1,
R10,7,2018,2,24,Paige Zenkovich,71,59,32,18,0,7,0,4,0,1,0,0,
R10,7,2018,2,25,Paige Zenkovich,74,58,44,22,4,5,6,4,0,4,0,1,1A plastic
R10,7,2018,2,26,Ian,95,11,75,31,44,20,42,24,10,11,1,4,4A 1J plastic
R10,7,2018,2,27,Ian,102,8,53,21,70,10,28,7,88,36,21,8,9A 2J plastic
UT3,1,2017,10,20,Emily Snelson,0,2,0,0,0,0,0,0,0,0,0,0,
UT3,1,2017,10,21,Emily Snelson,11,2,0,0,0,0,0,0,0,0,0,0,
UT3,1,2017,10,22,Emily Snelson,12,1,0,0,0,0,0,0,0,0,2,1,
UT3,1,2017,10,23,Emily Snelson,15,1,0,0,0,0,0,0,0,1,4,0,
UT3,1,2017,10,24,Emily Snelson,21,1,0,0,0,0,0,0,0,1,11,0,
UT3,1,2017,10,25,Emily Snelson,28,3,0,0,0,0,0,0,0,0,16,1,
UT3,1,2017,10,26,Emily Snelson,26,11,0,0,0,0,0,0,0,0,16,1,
UT3,1,2017,10,27,Emily Snelson,29,13,0,0,0,0,0,1,0,0,13,4,
UT3,1,2017,10,28,Emily Snelson,30,17,0,0,0,0,0,0,2,0,7,2,
UT3,1,2017,10,29,Emily Snelson,35,20,0,0,0,0,0,1,0,2,3,1,
UT3,1,2017,10,30,Emily Snelson,75,23,2,0,0,0,0,0,0,1,2,2,
UT3,1,2017,10,31,Emily Snelson,140,33,0,0,1,1,0,0,0,0,8,3,2 adults on walls
UT3,1,2017,11,1,Emily Snelson,231,50,0,0,0,0,0,0,0,0,9,4,
UT3,1,2017,11,2,Emily Snelson,299,44,3,1,0,2,1,0,0,0,14,6,
UT3,1,2017,11,3,Emily Snelson,313,33,11,5,4,1,6,0,9,4,29,7,
UT3,1,2017,11,4,Emily Snelson,371,34,15,5,6,1,27,3,9,1,51,11,3 adults on walls
UT3,1,2017,11,5,Emily Snelson,365,32,33,6,6,1,57,5,3,1,72,7,
UT3,1,2017,11,6,Emily Snelson,272,27,39,9,7,2,55,8,11,3,94,9,
UT3,1,2017,11,7,Emily Snelson,199,12,49,16,11,1,88,10,9,1,139,9,plant wilting
UT3,1,2017,11,8,Emily Snelson,48,7,76,15,2,3,97,17,2,1,116,24,
UT3,1,2017,11,9,Emily Snelson,84,9,10,2,42,13,18,2,42,7,33,3,
UT3,1,2017,11,10,Emily Snelson,40,8,7,1,85,8,8,2,32,6,16,3,
UT3,1,2017,11,11,Emily Snelson,10,2,0,0,5,0,4,1,15,5,0,0,
UT3,1,2017,11,12,Emily Snelson,0,0,0,0,0,0,0,0,0,0,0,0,
UT3,2,2017,11,12,Emily Snelson,2,0,4,0,0,0,0,0,0,0,3,1,
UT3,2,2017,11,13,Emily Snelson,7,1,1,0,0,0,1,0,0,0,3,0,
UT3,2,2017,11,14,Emily Snelson,11,1,5,0,0,0,4,0,0,0,2,0,
UT3,2,2017,11,15,Emily Snelson,12,1,6,0,0,0,5,0,0,0,2,0,
UT3,2,2017,11,16,Emily Snelson,22,1,5,1,0,0,6,0,1,0,2,0,
UT3,2,2017,11,17,Emily Snelson,23,1,14,1,0,0,18,0,0,0,3,0,
UT3,2,2017,11,18,Emily Snelson,19,6,20,6,0,0,14,2,0,0,3,0,
UT3,2,2017,11,19,Emily Snelson,18,19,21,6,0,0,14,1,0,0,0,3,
UT3,2,2017,11,20,Emily Snelson,19,14,29,8,0,0,11,3,0,0,0,3,
UT3,2,2017,11,21,Emily Snelson,37,17,52,13,0,0,8,4,0,0,5,1,
UT3,2,2017,11,22,Emily Snelson,78,21,110,11,0,0,7,5,0,0,5,1,
UT3,2,2017,11,24,Tony Ives,315,15,11,3,83,16,0,2,0,1,18,8,
UT3,2,2017,11,26,Emily Snelson,275,12,126,11,128,17,39,4,5,2,151,15,11 adults on 4 juv on walls
UT3,2,2017,11,27,Emily Snelson,137,8,147,6,76,9,112,8,8,3,287,23,
UT3,2,2017,11,28,Emily Snelson,83,6,37,4,49,7,59,7,25,5,179,11,plant wilting
UT3,2,2017,11,29,Emily Snelson,85,11,7,3,30,5,8,4,39,12,16,3,
UT3,3,2018,1,29,Lucas Nell,0,0,0,0,0,0,0,0,0,0,0,0,2A ground
UT3,3,2018,1,30,Paige Zenkovich,0,0,0,0,0,1,0,0,0,0,0,1,
UT3,3,2018,1,31,Paige Zenkovich,1,0,0,0,4,0,0,1,0,0,11,1,
UT3,3,2018,2,1,Paige Zenkovich,2,0,1,0,6,0,6,1,0,0,16,1,
UT3,3,2018,2,2,Paige Zenkovich,5,0,0,0,1,0,7,1,0,0,21,1,
UT3,3,2018,2,3,Paige Zenkovich,5,1,0,0,0,0,8,0,0,0,20,1,
UT3,3,2018,2,4,Paige Zenkovich,4,3,0,0,7,0,2,2,0,0,24,1,
UT3,3,2018,2,5,Paige Zenkovich,4,3,0,0,0,5,12,4,0,0,22,1,
UT3,3,2018,2,6,Paige Zenkovich,6,3,0,0,1,3,14,3,0,0,23,1,
UT3,3,2018,2,7,Paige Zenkovich,19,4,0,0,1,3,13,4,0,0,5,21,
UT3,3,2018,2,8,Paige Zenkovich,36,5,6,4,2,1,24,10,0,1,37,19,
UT3,3,2018,2,9,Lucas Nell,24,4,26,0,5,6,11,3,17,7,67,14,"2A, 2J plastic; 1A, 1J ground"
UT3,3,2018,2,10,Lucas Nell,23,3,1,0,2,1,1,1,34,2,5,0,1J plastic
UT3,4,2018,2,13,Paige Zenkovich,0,0,0,0,0,0,0,0,0,0,0,0,2A ground
UT3,4,2018,2,14,Paige Zenkovich,0,0,0,1,0,0,0,0,0,0,9,1,
UT3,4,2018,2,15,Paige Zenkovich,1,0,0,0,0,0,0,0,2,0,19,1,
UT3,4,2018,2,16,Paige Zenkovich,4,0,0,0,0,0,0,0,0,0,21,1,
UT3,4,2018,2,17,Paige Zenkovich,7,0,0,0,0,0,0,0,2,0,22,1,
UT3,4,2018,2,18,Paige Zenkovich,7,0,0,0,1,0,0,0,3,0,26,1,
UT3,4,2018,2,19,Paige Zenkovich,8,0,0,0,0,0,0,0,2,1,37,1,
UT3,4,2018,2,20,Paige Zenkovich,11,0,0,0,4,3,0,0,5,1,26,0,
UT3,4,2018,2,21,Ian,2,11,1,0,0,1,2,2,1,1,13,10,
UT3,4,2018,2,22,Paige Zenkovich,9,12,0,0,0,0,0,0,1,4,15,8,
UT3,4,2018,2,23,Paige Zenkovich,21,19,0,1,2,0,1,0,6,5,13,13,
UT3,4,2018,2,24,Paige Zenkovich,83,28,3,1,2,0,0,0,5,4,13,9,
UT3,4,2018,2,25,Paige Zenkovich,163,35,0,0,7,0,0,0,10,8,10,5,
UT3,4,2018,2,26,Ian,92,42,0,0,89,8,16,3,26,3,40,9,
UT3,4,2018,2,27,Ian,98,13,2,2,79,12,40,5,53,21,44,2,1J plastic
UT3,4,2018,2,28,Paige Zenkovich,331,67,33,7,20,3,23,8,11,8,29,13,2J ground
UT3,4,2018,3,1,Paige Zenkovich,142,24,51,4,34,10,76,12,40,18,95,24,5J plastic
UT3,5,2018,2,13,Paige Zenkovich,0,0,0,0,0,0,0,0,0,0,0,0,2A ground
UT3,5,2018,2,14,Paige Zenkovich,0,0,0,1,0,0,0,0,0,0,0,1,
UT3,5,2018,2,15,Paige Zenkovich,0,0,3,1,0,0,0,0,0,1,0,0,
UT3,5,2018,2,16,Paige Zenkovich,5,0,8,1,0,0,0,0,4,1,0,0,
UT3,5,2018,2,17,Paige Zenkovich,4,0,15,1,2,0,0,0,2,1,0,0,
UT3,5,2018,2,18,Paige Zenkovich,7,0,15,1,1,0,0,1,4,0,0,0,
UT3,5,2018,2,19,Paige Zenkovich,8,0,17,1,1,0,0,1,6,0,0,0,
UT3,5,2018,2,20,Paige Zenkovich,12,1,21,1,4,1,0,0,4,0,0,0,
UT3,5,2018,2,21,Ian,6,9,13,13,0,0,1,3,2,0,0,2,
UT3,5,2018,2,22,Paige Zenkovich,6,8,11,14,3,4,0,0,1,3,0,0,
UT3,5,2018,2,23,Paige Zenkovich,5,19,3,19,0,1,0,0,0,1,0,0,
UT3,5,2018,2,24,Paige Zenkovich,30,26,4,16,0,0,0,1,0,1,0,1,
UT3,5,2018,2,25,Paige Zenkovich,104,31,6,4,1,1,0,0,3,4,0,1,
UT3,5,2018,2,26,Ian,47,5,129,8,18,6,12,4,0,2,2,3,
UT3,5,2018,2,27,Ian,76,8,136,12,18,4,30,5,15,7,30,8,
UT3,5,2018,2,28,Paige Zenkovich,366,38,20,5,0,0,16,4,0,1,17,8,
UT3,5,2018,3,1,Paige Zenkovich,242,33,50,10,3,1,76,13,9,3,103,24,
UT3,6,2018,2,13,Paige Zenkovich,0,0,0,0,0,0,0,0,0,0,0,0,2A ground
UT3,6,2018,2,14,Paige Zenkovich,0,1,0,0,0,0,0,1,0,0,0,0,
UT3,6,2018,2,15,Paige Zenkovich,8,1,0,0,0,0,7,1,1,0,0,0,
UT3,6,2018,2,16,Paige Zenkovich,18,1,0,0,0,0,8,1,3,0,0,0,
UT3,6,2018,2,17,Paige Zenkovich,32,1,0,0,0,0,9,1,2,0,0,0,
UT3,6,2018,2,18,Paige Zenkovich,34,1,0,0,1,0,15,1,2,0,0,0,
UT3,6,2018,2,19,Paige Zenkovich,41,1,0,0,1,0,20,1,2,0,0,0,
UT3,6,2018,2,20,Paige Zenkovich,55,1,0,0,3,0,27,2,2,0,0,0,
UT3,6,2018,2,21,Ian,35,18,6,3,0,0,16,5,0,1,0,0,
UT3,6,2018,2,22,Paige Zenkovich,40,20,0,0,1,1,14,10,0,2,0,0,
UT3,6,2018,2,23,Paige Zenkovich,17,34,0,2,1,1,8,16,0,3,0,0,1A ground
UT3,6,2018,2,24,Paige Zenkovich,54,57,0,2,12,5,20,22,0,3,0,0,
UT3,6,2018,2,25,Paige Zenkovich,124,66,0,2,15,10,40,20,2,1,0,0,
UT3,6,2018,2,26,Ian,161,42,5,7,47,18,78,11,5,0,0,1,
UT3,6,2018,2,27,Ian,172,23,31,13,20,12,144,11,10,17,1,0,
UT3,6,2018,2,28,Paige Zenkovich,332,28,60,10,12,8,127,14,73,34,15,4,
UT3,7,2018,2,13,Paige Zenkovich,0,0,0,0,0,0,0,0,0,0,0,0,2A ground
UT3,7,2018,2,14,Paige Zenkovich,0,0,3,0,0,0,0,1,4,1,0,0,
UT3,7,2018,2,15,Paige Zenkovich,0,0,3,0,0,0,4,1,5,1,0,0,
UT3,7,2018,2,16,Paige Zenkovich,0,0,3,0,0,0,12,1,4,1,0,0,
UT3,7,2018,2,17,Paige Zenkovich,1,0,3,0,0,0,21,1,5,1,0,0,
UT3,7,2018,2,18,Paige Zenkovich,1,0,0,3,0,0,27,1,7,1,0,0,
UT3,7,2018,2,19,Paige Zenkovich,1,0,0,3,0,0,33,1,7,3,0,0,
UT3,7,2018,2,20,Paige Zenkovich,2,0,0,3,1,0,40,1,5,3,2,0,
UT3,7,2018,2,21,Ian,1,1,0,3,0,0,28,17,2,2,2,3,
UT3,7,2018,2,22,Paige Zenkovich,3,1,16,3,7,1,25,21,15,7,1,2,
UT3,7,2018,2,23,Paige Zenkovich,13,2,23,3,2,0,15,35,41,11,4,2,
UT3,7,2018,2,24,Paige Zenkovich,24,8,43,2,7,0,53,34,73,14,3,1,
UT3,7,2018,2,25,Paige Zenkovich,50,16,54,9,17,3,95,32,63,35,2,2,
UT3,7,2018,2,26,Ian,36,9,99,13,28,2,112,14,76,18,41,18,
UT3,7,2018,2,27,Ian,32,9,119,21,17,3,84,23,95,30,29,4,
UT3,7,2018,2,28,Paige Zenkovich,22,0,31,21,11,11,66,17,174,52,34,14,5A 1J plastic
WI-2016-593,1,2018,4,5,Paige Zenkovich,0,0,0,0,0,0,0,0,0,0,0,0,2A ground
WI-2016-593,1,2018,4,6,Paige Zenkovich,4,0,1,0,0,0,0,0,2,2,4,0,
WI-2016-593,1,2018,4,7,Paige Zenkovich,7,0,0,0,0,0,1,0,1,1,8,0,
WI-2016-593,1,2018,4,8,Paige Zenkovich,10,0,0,0,0,0,1,0,3,1,10,1,
WI-2016-593,1,2018,4,9,Paige Zenkovich,10,0,0,0,0,0,1,0,3,1,9,1,
WI-2016-593,1,2018,4,10,Paige Zenkovich,17,1,0,0,0,0,2,0,4,1,7,3,
WI-2016-593,1,2018,4,11,Paige Zenkovich,18,2,0,0,0,0,1,1,7,2,7,2,
WI-2016-593,1,2018,4,12,Paige Zenkovich,11,6,0,0,0,0,1,2,14,2,4,4,
WI-2016-593,1,2018,4,13,Paige Zenkovich,7,11,0,0,1,0,1,2,15,3,3,7,
WI-2016-593,1,2018,4,14,Paige Zenkovich,10,12,0,0,0,1,0,3,16,4,2,8,
WI-2016-593,1,2018,4,15,Paige Zenkovich,8,14,0,0,8,1,11,3,12,6,10,8,
WI-2016-593,1,2018,4,16,Paige Zenkovich,21,15,0,0,6,3,20,1,12,12,18,9,
WI-2016-593,1,2018,4,17,Paige Zenkovich,81,17,2,0,27,4,15,1,30,22,30,7,1J plastic
WI-2016-593,1,2018,4,18,Paige Zenkovich,64,6,1,0,67,19,21,10,81,16,50,10,3A2J plastic
WI-2016-593,1,2018,4,19,Paige Zenkovich,30,4,4,2,91,11,24,9,64,19,70,22,12A3J plastic 4A ground
WI-2016-593,2,2018,5,31,IC,0,0,0,0,0,0,4,1,0,0,1,0,"Plant was bent, so leaf 3 was under leaf 2 (fixed)"
WI-2016-593,2,2018,6,1,IC,2,0,0,0,1,0,0,0,0,0,0,0,
WI-2016-593,2,2018,6,2,ML,3,0,0,0,0,0,0,0,0,0,0,0,
WI-2016-593,2,2018,6,3,ML,2,0,0,0,2,0,0,0,0,0,0,0,
WI-2016-593,2,2018,6,4,IC,0,0,0,0,3,0,0,0,0,0,0,0,
WI-2016-593,2,2018,6,5,ML,2,0,0,0,0,0,0,0,0,0,0,0,Dead aphid on leaf 1
WI-2016-593,2,2018,6,6,IC,0,1,1,0,0,0,0,0,0,0,0,0,
WI-2016-593,2,2018,6,7,IC,0,1,0,0,0,0,0,0,0,0,0,0,
WI-2016-593,2,2018,6,8,IC,0,1,0,0,3,0,0,0,0,0,0,0,
WI-2016-593,2,2018,6,9,IC,3,2,2,2,0,0,0,0,0,0,0,0,
WI-2016-593,2,2018,6,10,IC,7,4,10,1,0,0,0,0,0,0,0,0,
WI-2016-593,2,2018,6,11,IC,15,2,19,1,0,0,0,0,0,0,0,0,
WI-2016-593,2,2018,6,12,IC,12,2,27,2,8,0,8,0,0,0,0,0,
WI-2016-593,2,2018,6,13,IC,40,3,31,1,4,2,2,0,0,0,0,0,
WI-2016-593,2,2018,6,14,IC,6,0,10,1,27,3,28,4,0,0,1,0,Ambiguous stem 1 vs 2
WI-2016-593,2,2018,6,15,IC,51,12,17,4,19,4,10,7,0,0,0,0,
WI-2016-593,2,2018,6,16,LG,24,8,15,8,12,1,21,8,0,3,7,4,
WI-2016-593,2,2018,6,17,LG,28,8,23,14,6,1,48,6,1,8,0,0,1J on side
WI-2016-593,2,2018,6,18,IC,40,44,1,11,0,1,23,12,0,0,10,8,
WI-2016-593,2,2018,6,19,IC,43,30,33,14,44,20,27,14,45,14,65,10,
WI-2016-593,2,2018,6,20,IC,76,31,43,12,56,13,39,7,35,8,98,9,2A on side
WI-2016-593,2,2018,6,21,IC,122,40,37,15,112,16,62,13,89,25,132,15,"2A, 2J on soil; 3A, 4J on side"
WI-2016-593,2,2018,6,22,ML,160,22,76,11,76,15,104,8,123,16,108,17,"2A, 11J on side; 10A, 1J on soil"
WI-2016-593,2,2018,6,23,ML,67,23,89,9,110,19,94,6,121,23,126,17,"12J, 6A on side"
WI-2016-593,2,2018,6,24,ML,27,8,45,9,54,11,49,2,115,16,128,11,13J on side
WI-2016-593,3,2018,5,31,IC,0,0,0,0,0,0,0,0,0,0,0,2,
WI-2016-593,3,2018,6,1,IC,3,0,0,0,0,0,0,0,1,0,1,0,
WI-2016-593,3,2018,6,2,ML,6,1,0,0,4,0,0,0,1,0,0,0,
WI-2016-593,3,2018,6,3,ML,13,1,0,0,3,0,0,0,0,0,0,0,
WI-2016-593,3,2018,6,4,IC,14,1,0,0,0,0,0,0,0,0,0,0,
WI-2016-593,3,2018,6,5,IC,11,0,0,0,1,1,0,0,0,0,0,0,1J on side; 1 midge
WI-2016-593,3,2018,6,6,IC,21,7,0,0,0,0,0,0,0,0,0,0,
WI-2016-593,3,2018,6,7,IC,23,12,0,0,0,0,0,0,0,0,0,0,
WI-2016-593,3,2018,6,8,IC,3,5,31,11,0,1,0,0,0,0,0,0,started counting offshoot leaves as leaf 1
WI-2016-593,3,2018,6,9,IC,9,13,26,7,0,1,0,0,0,0,0,0,
WI-2016-593,3,2018,6,10,IC,19,11,31,12,1,1,0,0,0,0,0,0,
WI-2016-593,3,2018,6,11,IC,33,12,113,13,0,0,0,0,0,0,0,0,
WI-2016-593,3,2018,6,12,IC,61,10,156,23,17,5,24,5,0,0,0,0,
WI-2016-593,3,2018,6,13,IC,88,11,204,16,29,9,34,7,0,0,0,0,
WI-2016-593,3,2018,6,14,IC,120,10,148,12,67,6,54,9,1,0,1,0,
WI-2016-593,3,2018,6,15,IC,81,23,78,23,142,25,89,15,11,2,5,5,"5A, 7J on side"
WI-2016-593,3,2018,6,16,LG,46,46,43,14,123,22,72,15,14,5,48,5,"2A, 4J on side"
WI-2016-593,3,2018,6,17,LG,5,6,50,9,50,8,47,4,30,3,63,10,"4A, 8J on side"
WI-2016-593,3,2018,6,18,IC,6,2,5,0,35,7,80,28,19,12,19,28,2A on side
WI-2016-593,3,2018,6,19,IC,9,1,16,3,8,3,37,13,26,17,46,20,1J on side
WI-2016-593,4,2018,6,14,IC,1,0,0,0,0,0,0,1,0,0,0,0,
WI-2016-593,4,2018,6,15,IC,6,1,0,0,0,0,0,0,0,0,0,0,
WI-2016-593,4,2018,6,16,LG,11,1,0,0,0,0,0,0,0,0,0,0,
WI-2016-593,4,2018,6,17,LG,12,1,0,0,0,0,1,0,0,0,0,0,
WI-2016-593,4,2018,6,18,IC,13,1,0,0,0,0,0,11,0,1,0,0,
WI-2016-593,4,2018,6,19,IC,14,3,0,0,0,0,0,0,0,1,0,0,
WI-2016-593,4,2018,6,20,IC,23,6,0,0,0,0,0,0,0,0,0,1,
WI-2016-593,4,2018,6,21,IC,15,21,0,0,0,0,0,0,0,0,0,1,
WI-2016-593,4,2018,6,22,LG,24,11,0,0,0,0,0,0,0,0,0,1,
WI-2016-593,4,2018,6,23,ML,38,22,12,1,0,0,0,0,0,0,4,1,
WI-2016-593,4,2018,6,24,ML,76,32,20,0,0,0,0,0,0,0,3,1,
WI-2016-593,4,2018,6,25,IC,87,15,0,1,14,0,23,1,3,1,0,3,3A on side
WI-2016-593,4,2018,6,26,IC,128,10,23,1,13,1,1,0,33,7,25,9,"1J, 1A on side"
WI-2016-593,4,2018,6,27,IC,138,10,15,3,18,0,3,1,83,13,15,8,
WI-2016-593,4,2018,6,28,IC,134,7,12,2,63,4,27,4,142,21,25,8,"4A, 2J on side"
WI-2016-593,4,2018,6,29,IC,134,5,29,2,63,2,34,2,115,11,40,7,"1J, 1A on side"
WI-2016-593,4,2018,6,30,LG,133,12,76,5,3,0,59,5,119,9,83,19,"12J, 7A on side"
WI-2016-593,4,2018,7,1,LG,55,11,63,7,16,1,155,11,123,9,150,13,
WI-2016-593,4,2018,7,2,IC,20,4,27,2,17,0,74,9,97,4,124,14,"6J, 2A on side"
WI-2016-593,5,2018,6,14,IC,0,0,0,1,0,0,0,0,0,0,0,0,
WI-2016-593,5,2018,6,15,IC,0,0,0,1,0,0,0,0,0,0,0,0,
WI-2016-593,5,2018,6,16,LG,0,0,0,0,0,0,0,0,0,0,0,0,
WI-2016-593,5,2018,6,17,LG,0,0,0,1,0,0,1,0,0,0,0,0,
WI-2016-593,5,2018,6,18,IC,5,1,0,0,1,0,2,0,0,0,0,0,
WI-2016-593,5,2018,6,19,IC,9,1,0,0,0,1,0,0,0,0,0,0,
WI-2016-593,5,2018,6,20,IC,5,4,0,0,0,0,0,0,0,0,0,0,
WI-2016-593,5,2018,6,21,IC,4,5,0,0,0,0,1,0,0,0,0,0,
WI-2016-593,5,2018,6,22,LG,12,3,0,0,1,0,0,0,0,0,0,0,
WI-2016-593,5,2018,6,23,ML,8,3,5,3,0,1,1,0,0,0,0,0,
WI-2016-593,5,2018,6,24,ML,17,3,1,0,21,8,0,0,0,0,0,0,
WI-2016-593,5,2018,6,25,IC,19,3,0,2,25,9,12,2,0,0,0,0,
WI-2016-593,5,2018,6,26,IC,22,1,0,2,39,12,39,1,0,0,0,0,
WI-2016-593,5,2018,6,27,IC,26,2,1,0,68,13,38,0,1,0,14,0,
WI-2016-593,5,2018,6,28,IC,23,4,1,0,85,10,37,1,31,3,30,5,
WI-2016-593,5,2018,6,29,IC,23,0,8,0,120,7,37,2,38,7,46,6,
WI-2016-593,5,2018,6,30,LG,11,3,12,3,114,14,123,11,1,1,0,1,"2A, 2J on side"
WI-2016-593,5,2018,7,1,LG,4,2,14,6,96,21,228,26,0,0,3,2,2A on side
WI-2016-593,5,2018,7,2,IC,5,2,11,5,73,16,71,16,104,9,71,5,
WI-2016-593,5,2018,7,3,IC,7,2,28,7,71,6,83,9,145,1,86,4,1A on side
WI-2016-593,5,2018,7,4,IC,4,2,25,3,64,2,75,16,85,6,80,8,
WI-2016-593,5,2018,7,5,IC,14,0,2,0,48,2,37,1,50,4,17,2,"5J, 4A on side"
WI-2016-593,6,2018,6,14,ML,0,1,0,0,0,0,0,0,0,0,0,1,
WI-2016-593,6,2018,6,15,IC,0,0,0,0,0,0,0,0,0,0,2,1,
WI-2016-593,6,2018,6,16,LG,0,0,0,0,0,0,0,1,0,0,6,1,
WI-2016-593,6,2018,6,17,LG,1,0,0,0,0,0,0,1,0,0,8,1,
WI-2016-593,6,2018,6,18,ML,3,0,0,0,0,0,0,0,0,0,13,1,
WI-2016-593,6,2018,6,19,IC,3,0,0,0,0,0,0,0,0,0,15,2,
WI-2016-593,6,2018,6,20,IC,9,0,0,0,7,1,0,0,0,0,19,3,
WI-2016-593,6,2018,6,21,IC,7,6,0,0,7,1,0,0,0,0,18,7,
WI-2016-593,6,2018,6,22,LG,9,4,0,0,5,1,0,0,0,0,25,9,
WI-2016-593,6,2018,6,23,ML,12,3,3,3,4,0,0,0,0,0,20,5,
WI-2016-593,6,2018,6,24,ML,9,11,2,2,4,0,0,1,2,0,27,8,
WI-2016-593,6,2018,6,25,IC,19,16,1,0,0,0,0,0,2,2,35,7,
WI-2016-593,6,2018,6,26,IC,41,18,68,12,0,2,0,0,0,0,26,8,
WI-2016-593,6,2018,6,27,IC,72,20,75,10,21,5,3,2,0,0,47,11,
WI-2016-593,6,2018,6,28,IC,154,25,89,4,39,6,14,3,0,2,46,11,
WI-2016-593,6,2018,6,29,IC,272,20,116,6,62,11,28,2,1,2,50,12,
WI-2016-593,6,2018,6,30,LG,186,15,58,4,95,5,141,10,23,4,78,14,"9J, 1A on side"
WI-2016-593,6,2018,7,1,LG,129,9,127,14,5,1,171,16,23,3,116,6,"17J, 8A on plastic"
WI-2016-593,6,2018,7,2,IC,84,13,32,4,45,2,98,6,45,9,53,15,"3J, 4A on sides"
WI-2016-593,7,2018,6,14,IC,0,0,3,1,0,0,0,0,0,0,0,0,
WI-2016-593,7,2018,6,15,IC,0,0,3,1,0,0,1,0,0,0,0,0,
WI-2016-593,7,2018,6,16,LG,2,0,7,1,0,0,0,0,0,0,0,0,
WI-2016-593,7,2018,6,17,LG,4,0,4,1,1,0,1,0,0,0,0,0,
WI-2016-593,7,2018,6,18,IC,7,0,6,1,1,0,0,0,0,0,0,0,
WI-2016-593,7,2018,6,19,IC,7,2,6,1,1,0,0,0,0,0,0,0,
WI-2016-593,7,2018,6,20,IC,5,2,6,3,1,0,0,0,0,0,0,0,
WI-2016-593,7,2018,6,21,IC,6,2,11,3,1,0,0,0,0,0,0,0,
WI-2016-593,7,2018,6,22,LG,6,2,17,5,0,0,0,0,0,0,0,0,
WI-2016-593,7,2018,6,23,ML,11,8,8,7,6,3,3,0,0,0,0,0,
WI-2016-593,7,2018,6,24,ML,34,10,31,7,10,1,14,2,0,0,0,0,
WI-2016-593,7,2018,6,25,IC,39,9,18,5,20,7,70,8,0,0,4,2,
WI-2016-593,7,2018,6,26,IC,76,7,50,7,33,10,54,4,9,1,1,1,
WI-2016-593,7,2018,6,27,IC,66,10,19,3,63,10,101,11,5,3,5,1,
WI-2016-593,7,2018,6,28,IC,148,26,93,16,60,8,26,4,49,5,3,1,
WI-2016-593,7,2018,6,29,IC,202,22,41,11,176,16,48,7,78,14,52,2,
WI-2016-593,7,2018,6,30,LG,100,25,59,8,128,16,55,7,101,11,51,3,"1A, 14J on side"
WI-2016-593,7,2018,7,1,LG,44,13,38,7,129,11,85,11,80,11,46,15,"4J, 3A on side"
WI-2016-593,7,2018,7,2,IC,98,6,35,7,75,5,46,6,53,11,17,5,"5J, 3A on side"
WI-4122-52,1,2017,10,20,Emily Snelson,1,1,8,1,0,0,0,0,0,0,0,0,
WI-4122-52,1,2017,10,21,Emily Snelson,7,1,9,1,0,0,0,0,0,0,0,0,
WI-4122-52,1,2017,10,22,Emily Snelson,19,1,15,0,0,0,0,0,0,1,0,0,
WI-4122-52,1,2017,10,23,Emily Snelson,36,2,17,0,0,0,0,0,0,0,0,0,
WI-4122-52,1,2017,10,24,Emily Snelson,45,2,16,0,0,0,0,0,0,0,0,0,
WI-4122-52,1,2017,10,25,Emily Snelson,74,2,4,0,0,0,0,0,0,0,1,0,
WI-4122-52,1,2017,10,26,Emily Snelson,42,26,4,1,0,0,1,0,0,0,0,0,
WI-4122-52,1,2017,10,27,Emily Snelson,34,33,1,1,1,0,1,1,0,0,0,0,
WI-4122-52,1,2017,10,28,Emily Snelson,24,36,3,2,0,0,0,1,0,0,2,1,
WI-4122-52,1,2017,10,29,Emily Snelson,59,34,9,3,0,1,0,2,0,0,2,3,2 adults on walls
WI-4122-52,1,2017,10,30,Emily Snelson,94,24,10,5,0,3,1,1,0,5,1,3,
WI-4122-52,1,2017,10,31,Emily Snelson,119,25,22,4,0,3,3,1,0,0,0,5,
WI-4122-52,1,2017,11,1,Emily Snelson,178,22,34,6,2,1,17,2,4,2,5,6,
WI-4122-52,1,2017,11,2,Emily Snelson,154,19,40,8,0,0,26,1,3,4,29,8,
WI-4122-52,1,2017,11,3,Emily Snelson,57,9,96,2,5,3,32,2,14,4,143,17,
WI-4122-52,1,2017,11,4,Emily Snelson,72,11,2,0,49,14,5,0,114,6,56,2,plant is dying
WI-4122-52,1,2017,11,5,Emily Snelson,17,10,1,0,16,7,4,0,49,5,0,0,
WI-4122-52,1,2017,11,6,Emily Snelson,1,2,0,0,3,2,0,0,5,0,0,0,
WI-4122-52,1,2017,11,7,Emily Snelson,0,0,0,0,0,0,0,0,0,0,0,0,
WI-4122-52,1,2017,11,8,Emily Snelson,0,0,0,0,0,0,0,0,0,0,0,0,
WI-4122-52,2,2017,11,5,Emily Snelson,6,1,0,1,0,0,0,0,0,0,0,0,
WI-4122-52,2,2017,11,6,Emily Snelson,11,1,0,1,0,0,0,0,0,0,0,0,
WI-4122-52,2,2017,11,7,Emily Snelson,17,1,0,1,0,0,0,0,0,0,0,0,
WI-4122-52,2,2017,11,8,Emily Snelson,18,1,0,1,0,0,0,0,0,0,0,0,
WI-4122-52,2,2017,11,9,Emily Snelson,18,2,1,0,0,0,1,0,0,0,0,0,
WI-4122-52,2,2017,11,10,Emily Snelson,20,2,1,0,0,0,1,0,0,0,0,0,
WI-4122-52,2,2017,11,11,Emily Snelson,22,1,0,0,0,0,2,0,0,0,0,0,
WI-4122-52,2,2017,11,12,Emily Snelson,34,1,0,0,0,0,1,0,0,0,0,0,
WI-4122-52,2,2017,11,13,Emily Snelson,34,4,1,0,0,0,1,0,0,0,0,0,
WI-4122-52,2,2017,11,14,Emily Snelson,43,4,2,0,0,0,1,0,0,0,0,0,
WI-4122-52,2,2017,11,15,Emily Snelson,52,8,1,0,0,0,1,0,0,0,0,0,
WI-4122-52,2,2017,11,16,Emily Snelson,65,10,2,0,0,0,6,2,1,0,1,0,
WI-4122-52,2,2017,11,17,Emily Snelson,86,12,4,0,0,0,16,2,0,0,4,1,
WI-4122-52,2,2017,11,18,Emily Snelson,112,17,4,0,0,1,44,9,0,0,9,1,
WI-4122-52,2,2017,11,19,Emily Snelson,154,18,4,0,0,1,46,10,1,1,10,1,
WI-4122-52,2,2017,11,20,Emily Snelson,195,18,6,0,0,0,73,9,2,4,15,2,
WI-4122-52,2,2017,11,21,Emily Snelson,233,20,4,0,5,0,79,6,2,5,21,2,
WI-4122-52,2,2017,11,22,Emily Snelson,252,31,2,0,1,3,69,12,0,0,22,2,
WI-4122-52,2,2017,11,24,Tony Ives,240,34,7,3,6,2,101,11,5,7,64,20,
WI-4122-52,2,2017,11,26,Emily Snelson,230,46,65,7,6,7,108,11,7,4,140,17,
WI-4122-52,2,2017,11,27,Emily Snelson,203,21,54,7,2,1,166,14,10,4,152,7,
WI-4122-52,2,2017,11,28,Emily Snelson,89,11,147,7,7,5,212,19,1,5,188,13,
WI-4122-52,2,2017,11,29,Emily Snelson,57,8,94,6,2,3,148,11,21,14,133,5,plant wilting
WI-4122-52,2,2017,11,30,Emily Snelson,106,14,17,3,54,10,14,2,31,15,89,4,13 adults and 7 juv on walls
WI-48,1,2017,10,20,Emily Snelson,0,0,0,0,0,2,0,0,0,0,0,0,
WI-48,1,2017,10,21,Emily Snelson,0,0,0,0,2,1,0,1,0,0,0,0,
WI-48,1,2017,10,22,Emily Snelson,6,0,0,0,6,1,2,1,0,0,0,0,
WI-48,1,2017,10,23,Emily Snelson,10,0,0,0,7,1,8,1,0,0,0,0,
WI-48,1,2017,10,24,Emily Snelson,26,1,0,0,3,0,8,1,0,0,0,0,
WI-48,1,2017,10,25,Emily Snelson,29,1,0,0,1,0,5,3,0,0,0,0,
WI-48,1,2017,10,26,Emily Snelson,34,2,0,0,0,0,1,8,6,0,0,0,
WI-48,1,2017,10,27,Emily Snelson,35,6,0,0,0,0,1,7,11,0,0,0,
WI-48,1,2017,10,28,Emily Snelson,29,10,0,0,1,0,3,8,7,1,0,0,
WI-48,1,2017,10,29,Emily Snelson,33,18,0,0,0,0,51,9,6,2,0,0,
WI-48,1,2017,10,30,Emily Snelson,41,34,0,0,0,0,77,4,1,3,0,1,
WI-48,1,2017,10,31,Emily Snelson,69,50,0,0,0,1,79,2,2,1,0,0,
WI-48,1,2017,11,1,Emily Snelson,95,51,0,0,4,12,74,2,2,1,0,0,
WI-48,1,2017,11,2,Emily Snelson,167,32,17,2,9,12,81,1,3,4,0,0,5 adults on wall
WI-48,1,2017,11,3,Emily Snelson,203,8,47,8,19,13,84,2,8,6,5,10,2 adults on walls
WI-48,1,2017,11,4,Emily Snelson,167,15,0,0,65,14,46,4,48,7,5,7,3 juv and 5 adults on walls; plant is dying
WI-48,1,2017,11,5,Emily Snelson,41,4,2,0,20,10,0,0,14,7,0,0,21 juv and 7 adults on walls
WI-48,1,2017,11,6,Emily Snelson,7,3,1,0,0,0,0,1,0,1,0,0,"2 juv on wall, 2 adults on pole"
WI-48,1,2017,11,7,Emily Snelson,0,0,0,0,0,0,0,0,0,0,0,0,
WI-48,1,2017,11,8,Emily Snelson,0,0,0,0,0,0,0,0,0,0,0,0,
WI-48,2,2017,11,5,Emily Snelson,0,0,0,1,0,0,0,0,0,0,1,1,
WI-48,2,2017,11,6,Emily Snelson,0,0,0,1,0,0,2,0,1,0,0,0,
WI-48,2,2017,11,7,Emily Snelson,4,1,5,1,0,0,0,0,0,0,1,0,
WI-48,2,2017,11,8,Emily Snelson,9,2,7,0,0,0,0,0,0,0,1,0,
WI-48,2,2017,11,9,Emily Snelson,19,2,7,0,0,0,0,0,0,0,1,0,
WI-48,2,2017,11,10,Emily Snelson,24,2,5,0,0,0,0,0,0,0,1,0,
WI-48,2,2017,11,11,Emily Snelson,26,2,6,0,0,0,0,0,0,0,1,0,
WI-48,2,2017,11,12,Emily Snelson,30,2,7,0,0,0,0,0,1,0,2,0,
WI-48,2,2017,11,13,Emily Snelson,28,5,6,1,0,0,0,0,0,0,1,0,
WI-48,2,2017,11,14,Emily Snelson,37,3,8,1,1,0,0,0,0,0,2,1,
WI-48,2,2017,11,15,Emily Snelson,52,6,5,3,0,0,2,0,1,0,5,0,
WI-48,2,2017,11,16,Emily Snelson,58,10,5,4,0,0,1,0,1,0,6,1,
WI-48,2,2017,11,17,Emily Snelson,69,15,22,4,0,0,2,0,5,0,4,0,
WI-48,2,2017,11,18,Emily Snelson,154,29,36,9,0,0,2,0,2,1,3,0,
WI-48,2,2017,11,19,Emily Snelson,240,33,62,8,0,1,1,1,0,0,2,1,
WI-48,2,2017,11,20,Emily Snelson,288,26,101,13,0,0,0,0,1,0,1,1,
WI-48,2,2017,11,21,Emily Snelson,337,31,124,12,1,2,0,3,2,3,2,1,
WI-48,2,2017,11,22,Emily Snelson,441,48,150,12,4,1,6,3,7,3,2,5,
WI-48,2,2017,11,24,Tony Ives,290,13,210,11,21,2,52,4,88,7,130,7,
WI-48,2,2017,11,26,Emily Snelson,34,5,22,3,18,5,142,13,56,9,162,19,plant wilting
WI-48,2,2017,11,27,Emily Snelson,33,7,18,4,21,5,32,6,27,10,63,7,
WI-6,1,2017,10,20,Emily Snelson,0,0,0,0,0,1,0,0,0,1,0,0,
WI-6,1,2017,10,21,Emily Snelson,0,0,0,0,0,1,0,1,0,0,0,0,
WI-6,1,2017,10,22,Emily Snelson,8,1,0,0,0,0,0,0,10,1,0,0,
WI-6,1,2017,10,23,Emily Snelson,9,1,0,0,0,0,0,0,12,1,0,0,
WI-6,1,2017,10,24,Emily Snelson,14,1,2,0,0,0,0,0,19,1,0,0,
WI-6,1,2017,10,25,Emily Snelson,16,2,2,0,0,0,0,0,18,0,0,0,
WI-6,1,2017,10,26,Emily Snelson,19,3,0,1,0,0,0,0,13,5,0,0,
WI-6,1,2017,10,27,Emily Snelson,20,10,0,1,0,0,0,0,9,12,0,0,
WI-6,1,2017,10,28,Emily Snelson,15,13,0,0,0,0,0,1,8,14,0,0,
WI-6,1,2017,10,29,Emily Snelson,18,15,1,1,1,0,0,1,20,15,0,0,
WI-6,1,2017,10,30,Emily Snelson,24,13,1,2,20,10,0,4,4,5,1,2,1 adult on metal pole
WI-6,1,2017,10,31,Emily Snelson,20,19,1,0,3,3,0,0,1,1,0,0,2 adults on metal pole
WI-6,1,2017,11,1,Emily Snelson,2,3,0,0,0,3,0,0,0,0,0,0,1 adult on metal pole
WI-6,1,2017,11,2,Emily Snelson,0,0,0,0,0,0,0,0,0,0,0,0,plant is mostly dead
WI-6,1,2017,11,3,Emily Snelson,0,0,0,0,0,0,0,0,0,0,0,0,
WI-6,1,2017,11,4,Emily Snelson,0,0,0,0,0,0,0,0,0,0,0,0,
WI-6,2,2017,11,5,Emily Snelson,0,0,0,1,0,0,0,1,0,0,0,0,
WI-6,2,2017,11,6,Emily Snelson,0,0,5,1,0,0,0,1,0,0,1,0,
WI-6,2,2017,11,7,Emily Snelson,0,0,11,2,0,0,0,0,0,0,0,0,
WI-6,2,2017,11,8,Emily Snelson,4,0,16,1,0,0,0,0,0,1,1,0,
WI-6,2,2017,11,9,Emily Snelson,5,0,21,1,0,0,1,0,0,0,5,1,
WI-6,2,2017,11,10,Emily Snelson,7,0,23,1,0,0,2,0,0,0,4,1,
WI-6,2,2017,11,11,Emily Snelson,10,0,27,1,0,0,4,0,0,0,4,1,
WI-6,2,2017,11,12,Emily Snelson,10,0,28,1,0,0,4,0,0,0,8,1,
WI-6,2,2017,11,13,Emily Snelson,11,2,29,3,0,0,3,0,0,0,9,1,
WI-6,2,2017,11,14,Emily Snelson,10,3,31,12,0,0,3,0,0,0,15,1,
WI-6,2,2017,11,15,Emily Snelson,15,9,38,12,0,0,2,1,0,0,14,1,
WI-6,2,2017,11,16,Emily Snelson,30,9,60,13,0,0,7,3,0,0,12,1,
WI-6,2,2017,11,17,Emily Snelson,85,17,84,16,0,0,15,4,0,0,13,2,
WI-6,2,2017,11,18,Emily Snelson,203,18,133,13,1,1,85,13,1,4,3,1,
WI-6,2,2017,11,19,Emily Snelson,232,16,164,14,2,0,137,23,3,0,16,5,1 juv and 11 adults on walls
WI-6,2,2017,11,20,Emily Snelson,279,19,184,8,4,2,232,20,8,1,47,10,12 adults and 2 juv on walls
WI-6,2,2017,11,21,Emily Snelson,254,16,183,5,57,5,283,18,32,2,91,11,13 adults and 1 juv on walls
WI-6,2,2017,11,22,Emily Snelson,136,16,99,5,54,7,190,7,34,8,158,13,"6 adults on walls, plant wilting"
WI-6,2,2017,11,24,Tony Ives,29,3,14,3,34,4,9,1,39,1,31,1,
WI-L4 (H+3),1,2017,10,20,Emily Snelson,1,0,0,0,0,0,0,0,6,1,0,0,
WI-L4 (H+3),1,2017,10,21,Emily Snelson,0,0,2,1,0,0,0,0,5,0,0,0,
WI-L4 (H+3),1,2017,10,22,Emily Snelson,10,1,0,0,1,0,0,0,5,0,0,0,
WI-L4 (H+3),1,2017,10,23,Emily Snelson,15,1,0,0,0,0,0,0,1,0,5,0,
WI-L4 (H+3),1,2017,10,24,Emily Snelson,17,1,0,0,0,0,0,0,2,0,3,0,
WI-L4 (H+3),1,2017,10,25,Emily Snelson,17,1,0,0,0,0,0,0,0,0,6,0,
WI-L4 (H+3),1,2017,10,26,Emily Snelson,11,9,0,0,0,0,0,0,0,0,5,1,
WI-L4 (H+3),1,2017,10,27,Emily Snelson,11,12,0,0,0,0,0,0,0,0,2,4,
WI-L4 (H+3),1,2017,10,28,Emily Snelson,11,18,0,0,0,0,0,0,0,0,0,6,
WI-L4 (H+3),1,2017,10,29,Emily Snelson,14,20,0,0,0,0,0,0,0,0,0,6,
WI-L4 (H+3),1,2017,10,30,Emily Snelson,13,20,0,0,0,1,0,1,0,2,0,1,
WI-L4 (H+3),1,2017,10,31,Emily Snelson,19,22,0,0,0,0,0,0,0,1,0,5,
WI-L4 (H+3),1,2017,11,1,Emily Snelson,60,13,0,1,0,0,0,6,0,3,0,3,7 adults on walls
WI-L4 (H+3),1,2017,11,2,Emily Snelson,124,23,1,1,0,0,0,5,0,2,1,7,
WI-L4 (H+3),1,2017,11,3,Emily Snelson,229,18,1,1,0,0,1,6,0,1,8,5,
WI-L4 (H+3),1,2017,11,4,Emily Snelson,248,16,0,1,1,1,14,5,0,0,11,8,1 juv and 4 adults on walls
WI-L4 (H+3),1,2017,11,5,Emily Snelson,272,17,27,3,1,1,27,6,0,0,62,15,2 adults on walls
WI-L4 (H+3),1,2017,11,6,Emily Snelson,175,24,31,2,35,6,74,13,24,7,9,4,14 juv and 7 adults on wall; plant wilting
WI-L4 (H+3),1,2017,11,7,Emily Snelson,139,15,16,1,55,11,16,3,112,9,11,1,
WI-L4 (H+3),1,2017,11,8,Emily Snelson,15,7,0,1,24,8,0,0,9,1,1,1,
WI-L4 (H+3),1,2017,11,9,Emily Snelson,0,0,0,0,0,0,0,0,1,0,0,0,
WI-L4 (H+3),1,2017,11,10,Emily Snelson,0,0,0,0,0,0,0,0,0,0,0,0,
WI-L4 (H+3),2,2017,11,12,Emily Snelson,0,0,0,2,0,0,0,0,0,0,0,0,
WI-L4 (H+3),2,2017,11,13,Emily Snelson,0,0,0,2,0,0,0,0,0,0,0,0,
WI-L4 (H+3),2,2017,11,14,Emily Snelson,0,0,0,1,0,0,0,1,0,0,0,0,
WI-L4 (H+3),2,2017,11,15,Emily Snelson,0,0,0,0,0,0,4,2,0,0,0,0,
WI-L4 (H+3),2,2017,11,16,Emily Snelson,0,0,0,0,0,0,14,1,0,0,0,0,
WI-L4 (H+3),2,2017,11,17,Emily Snelson,1,0,2,0,0,0,29,2,0,0,0,0,
WI-L4 (H+3),2,2017,11,18,Emily Snelson,2,0,2,0,0,0,23,2,0,0,0,0,
WI-L4 (H+3),2,2017,11,19,Emily Snelson,1,0,4,0,0,0,35,2,0,0,0,0,
WI-L4 (H+3),2,2017,11,20,Emily Snelson,4,0,2,0,0,0,42,2,0,0,0,0,
WI-L4 (H+3),2,2017,11,21,Emily Snelson,5,0,3,0,0,0,45,2,0,0,0,0,
WI-L4 (H+3),2,2017,11,22,Emily Snelson,6,0,3,0,0,0,46,2,0,0,0,0,
WI-L4 (H+3),2,2017,11,24,Tony Ives,2,0,12,3,0,2,30,6,29,7,9,3,
WI-L4 (H+3),2,2017,11,26,Emily Snelson,31,3,34,6,0,0,29,9,122,22,5,1,
WI-L4 (H+3),2,2017,11,27,Emily Snelson,77,11,104,10,1,1,60,10,144,25,0,1,
WI-L4 (H+3),2,2017,11,28,Emily Snelson,71,5,254,18,0,0,92,7,209,20,1,1,
WI-L4 (H+3),2,2017,11,29,Emily Snelson,67,2,477,41,0,0,50,8,202,15,8,8,
WI-L4 (H+3),2,2017,11,30,Emily Snelson,48,4,575,43,3,1,61,7,162,10,37,10,11 adults and 34 juv on walls
WI-L4 (H+3),2,2017,12,1,Emily Snelson,36,2,609,34,2,2,83,7,71,7,88,13,12 adults and 51 juv on walls
WI-L4 (H+3),2,2017,12,2,Emily Snelson,18,5,442,49,4,2,90,6,65,13,197,14,13 adults and 31 juv on walls
WI-L4 (H+3),2,2017,12,3,Emily Snelson,39,10,394,35,7,2,92,4,49,10,284,20,10 adults and 42 juv on walls
WI-L4 (H+3),2,2017,12,4,Emily Snelson,87,10,248,19,25,7,13,2,89,11,86,11,"21 adults and 72 juv on walls, plant wilting"
WI-L4 (H+3),2,2017,12,5,Emily Snelson,48,7,47,7,13,5,12,2,56,3,25,4,14 adults and 93 juv on walls
WI-L4 (H+3),3,2018,1,29,Lucas Nell,0,0,0,0,0,0,0,0,0,0,0,0,2A ground
WI-L4 (H+3),3,2018,1,30,Paige Zenkovich,0,0,0,0,0,0,0,1,5,1,1,0,
WI-L4 (H+3),3,2018,1,31,Paige Zenkovich,2,0,0,0,0,0,0,1,12,1,0,0,
WI-L4 (H+3),3,2018,2,1,Paige Zenkovich,5,0,3,1,0,0,6,1,11,0,0,0,
WI-L4 (H+3),3,2018,2,2,Paige Zenkovich,1,0,4,1,6,0,0,0,22,1,0,0,
WI-L4 (H+3),3,2018,2,3,Paige Zenkovich,4,0,4,1,6,0,0,0,24,1,0,0,
WI-L4 (H+3),3,2018,2,4,Paige Zenkovich,4,3,2,1,13,0,0,0,27,4,0,0,
WI-L4 (H+3),3,2018,2,5,Paige Zenkovich,7,3,2,1,14,1,0,0,29,4,1,0,
WI-L4 (H+3),3,2018,2,6,Paige Zenkovich,8,2,7,1,8,2,0,0,31,7,0,0,
WI-L4 (H+3),3,2018,2,7,Paige Zenkovich,21,4,8,1,3,0,1,0,42,13,0,0,
WI-L4 (H+3),3,2018,2,8,Paige Zenkovich,45,15,14,6,9,1,10,4,51,5,0,1,
WI-L4 (H+3),3,2018,2,9,Paige Zenkovich,74,13,24,7,12,1,1,0,59,19,0,0,
WI-L4 (H+3),3,2018,2,10,Lucas Nell,82,5,36,2,3,0,115,13,3,1,11,4,"13A, 4J plastic"
WI-L4 (H+3),3,2018,2,11,Lucas Nell,21,4,11,0,17,5,33,3,37,3,29,5,"13A, 8J plastic"
WI-L4 (H+3),4,2018,2,13,Paige Zenkovich,0,0,0,0,0,0,0,0,0,0,0,0,2A ground
WI-L4 (H+3),4,2018,2,14,Paige Zenkovich,0,0,8,1,0,0,0,0,0,0,10,1,
WI-L4 (H+3),4,2018,2,15,Paige Zenkovich,0,0,13,1,2,0,0,0,8,1,10,0,
WI-L4 (H+3),4,2018,2,16,Paige Zenkovich,1,0,18,1,1,0,1,0,18,1,10,0,
WI-L4 (H+3),4,2018,2,17,Paige Zenkovich,4,0,28,1,2,0,0,0,27,1,7,0,
WI-L4 (H+3),4,2018,2,18,Paige Zenkovich,10,0,23,0,2,0,1,0,44,2,6,0,
WI-L4 (H+3),4,2018,2,19,Paige Zenkovich,5,4,22,4,2,0,1,0,44,6,2,3,
WI-L4 (H+3),4,2018,2,20,Paige Zenkovich,13,4,21,5,1,0,0,0,57,6,6,1,
WI-L4 (H+3),4,2018,2,21,Ian,9,7,4,21,1,0,0,1,11,8,42,21,
WI-L4 (H+3),4,2018,2,22,Paige Zenkovich,17,7,4,15,0,0,0,2,78,33,6,6,
WI-L4 (H+3),4,2018,2,23,Paige Zenkovich,35,7,17,24,2,0,0,3,66,48,23,9,5A plastic
WI-L4 (H+3),4,2018,2,24,Paige Zenkovich,67,5,36,18,3,2,0,2,118,70,28,3,8A plastic
WI-L4 (H+3),4,2018,2,25,Paige Zenkovich,57,6,75,15,8,1,8,2,113,73,38,14,11A 3J plastic
WI-L4 (H+3),4,2018,2,26,Ian,77,4,68,18,21,1,36,8,76,35,217,47,7A 5J plastic
WI-L4 (H+3),4,2018,2,27,Ian,58,4,94,15,36,4,39,18,89,33,135,26,8A 3 J plastic
WI-L4 (H+3),5,2018,2,13,Paige Zenkovich,0,0,0,0,0,0,0,0,0,0,0,0,2A ground
WI-L4 (H+3),5,2018,2,14,Paige Zenkovich,0,1,0,0,0,0,0,0,4,1,1,0,
WI-L4 (H+3),5,2018,2,15,Paige Zenkovich,7,1,0,0,0,0,0,0,11,1,0,0,
WI-L4 (H+3),5,2018,2,16,Paige Zenkovich,17,1,0,0,1,0,0,0,15,1,0,0,
WI-L4 (H+3),5,2018,2,17,Paige Zenkovich,21,1,0,0,1,0,1,0,25,1,1,0,
WI-L4 (H+3),5,2018,2,18,Paige Zenkovich,36,1,9,1,0,0,0,0,31,1,1,0,
WI-L4 (H+3),5,2018,2,19,Paige Zenkovich,39,1,16,1,1,0,0,0,23,5,0,0,
WI-L4 (H+3),5,2018,2,20,Paige Zenkovich,42,1,19,0,0,0,0,0,30,6,0,0,
WI-L4 (H+3),5,2018,2,21,Ian,3,2,39,19,0,0,0,0,18,19,1,4,
WI-L4 (H+3),5,2018,2,22,Paige Zenkovich,48,21,13,1,0,0,0,0,48,20,0,0,
WI-L4 (H+3),5,2018,2,23,Paige Zenkovich,42,35,1,10,0,0,0,0,99,30,0,0,2A plastic
WI-L4 (H+3),5,2018,2,24,Paige Zenkovich,82,48,8,8,0,0,2,1,115,39,0,0,1A plastic
WI-L4 (H+3),5,2018,2,25,Paige Zenkovich,160,52,10,8,3,1,3,0,167,55,0,1,7A 2J plastic
WI-L4 (H+3),5,2018,2,26,Ian,204,24,65,6,8,3,14,4,110,25,65,16,5A 3J plastc
WI-L4 (H+3),5,2018,2,27,Ian,131,14,87,14,16,8,33,5,107,26,82,30,3A 1J plastic
WI-L4 (H+3),5,2018,2,28,Paige Zenkovich,138,24,28,7,17,4,36,8,192,38,49,10,8A 8J plastic
WI-L4 (H+3),6,2018,2,13,Paige Zenkovich,0,0,0,0,0,0,0,0,0,0,0,0,2A ground
WI-L4 (H+3),6,2018,2,14,Paige Zenkovich,0,0,0,0,0,0,12,2,0,0,1,0,
WI-L4 (H+3),6,2018,2,15,Paige Zenkovich,9,0,0,0,0,0,24,2,1,0,0,0,
WI-L4 (H+3),6,2018,2,16,Paige Zenkovich,6,0,0,0,0,0,38,2,0,0,0,0,
WI-L4 (H+3),6,2018,2,17,Paige Zenkovich,12,0,0,0,0,0,60,2,1,0,0,0,
WI-L4 (H+3),6,2018,2,18,Paige Zenkovich,17,0,0,0,0,0,63,1,3,1,0,0,
WI-L4 (H+3),6,2018,2,19,Paige Zenkovich,21,0,2,0,0,0,79,1,3,2,0,0,
WI-L4 (H+3),6,2018,2,20,Paige Zenkovich,23,3,4,0,1,0,53,0,13,3,0,0,
WI-L4 (H+3),6,2018,2,21,Ian,19,35,2,2,2,1,30,12,2,4,19,3,
WI-L4 (H+3),6,2018,2,22,Paige Zenkovich,25,21,3,4,0,0,19,25,36,10,0,0,1A 1J ground
WI-L4 (H+3),6,2018,2,23,Paige Zenkovich,31,29,0,3,1,3,34,25,52,17,0,0,2A plastic
WI-L4 (H+3),6,2018,2,24,Paige Zenkovich,65,38,2,3,6,2,47,16,96,39,0,1,2A 2J plastic
WI-L4 (H+3),6,2018,2,25,Paige Zenkovich,61,36,8,5,0,0,51,10,125,49,1,5,6A 1J plastic
WI-L4 (H+3),6,2018,2,26,Ian,66,4,15,1,8,3,29,9,145,68,34,26,2A 2J plastic
WI-L4 (H+3),6,2018,2,27,Ian,58,2,29,2,11,4,95,19,120,41,104,37,3A 4J plastic
WI-L4 (H+3),6,2018,2,28,Paige Zenkovich,18,7,10,0,23,6,36,10,134,39,84,20,5A 10J plastic
WI-L4 (H+3),7,2018,2,13,Paige Zenkovich,0,0,0,0,0,0,0,0,0,0,0,0,2A ground
WI-L4 (H+3),7,2018,2,14,Paige Zenkovich,1,0,0,1,0,0,0,0,1,0,8,0,
WI-L4 (H+3),7,2018,2,15,Paige Zenkovich,1,0,0,1,1,0,0,0,0,0,14,1,
WI-L4 (H+3),7,2018,2,16,Paige Zenkovich,2,0,1,1,6,0,0,0,2,0,14,1,
WI-L4 (H+3),7,2018,2,17,Paige Zenkovich,7,0,5,1,5,0,2,1,4,0,15,0,
WI-L4 (H+3),7,2018,2,18,Paige Zenkovich,15,0,8,1,10,0,0,1,5,0,12,0,
WI-L4 (H+3),7,2018,2,19,Paige Zenkovich,16,0,15,1,8,0,1,1,6,0,12,0,
WI-L4 (H+3),7,2018,2,20,Paige Zenkovich,21,0,14,1,12,1,1,1,6,0,12,0,
WI-L4 (H+3),7,2018,2,21,Ian,15,3,29,3,5,3,5,1,2,3,3,7,
WI-L4 (H+3),7,2018,2,22,Paige Zenkovich,26,11,27,2,6,5,8,1,1,7,4,10,
WI-L4 (H+3),7,2018,2,23,Paige Zenkovich,28,24,15,7,4,4,14,2,15,7,14,11,
WI-L4 (H+3),7,2018,2,24,Paige Zenkovich,52,39,18,8,9,4,13,8,38,7,44,11,
WI-L4 (H+3),7,2018,2,25,Paige Zenkovich,86,44,16,9,4,5,9,12,44,12,96,10,1A plastic
WI-L4 (H+3),7,2018,2,26,Ian,96,15,50,22,2,2,30,12,27,10,107,9,9A 1J plastic
WI-L4 (H+3),7,2018,2,27,Ian,77,25,49,5,7,3,68,6,31,25,106,9,11A 6J plastic
WI-L4 (H+3),7,2018,2,28,Paige Zenkovich,78,21,41,9,9,5,78,14,37,12,70,11,3A plastic
WI-L4 (H+3),7,2018,3,1,Paige Zenkovich,28,7,51,13,3,0,77,6,17,7,62,15,4A 12J plastic
WI-L4 (Ham-),2,2018,7,6,IC,0,0,0,0,0,0,0,0,0,0,0,1,
WI-L4 (Ham-),2,2018,7,8,IC,0,0,0,0,4,1,0,0,0,0,0,0,
WI-L4 (Ham-),2,2018,7,9,IC,0,0,0,0,7,1,0,0,0,0,0,0,
WI-L4 (Ham-),2,2018,7,10,IC,0,0,2,0,6,0,0,1,0,0,0,0,
WI-L4 (Ham-),2,2018,7,11,IC,0,0,1,0,7,0,1,0,0,0,0,1,
WI-L4 (Ham-),2,2018,7,12,ML,0,0,1,0,7,0,1,0,3,1,0,0,
WI-L4 (Ham-),2,2018,7,13,LG,0,0,0,0,11,0,0,0,2,0,0,0,
WI-L4 (Ham-),2,2018,7,14,ML,0,0,0,0,16,0,0,0,2,0,0,0,
WI-L4 (Ham-),2,2018,7,15,ML,0,0,12,1,0,0,0,0,0,0,0,0,
WI-L4 (Ham-),2,2018,7,16,IC,0,0,1,1,13,10,0,0,0,0,0,0,
WI-L4 (Ham-),2,2018,7,17,IC,0,0,1,0,33,13,3,0,0,0,0,0,
WI-L4 (Ham-),2,2018,7,18,IC,0,0,0,0,74,14,0,1,0,0,0,0,
WI-L4 (Ham-),2,2018,7,19,IC,8,0,0,0,94,15,10,1,0,0,0,0,1J on side
WI-L4 (Ham-),2,2018,7,20,IC,8,3,0,0,159,11,15,1,12,0,1,0,
WI-L4 (Ham-),2,2018,7,21,IC,7,1,1,0,149,23,19,0,39,0,11,0,"13J, 2A on side"
WI-L4 (Ham-),2,2018,7,22,IC,7,0,9,2,182,13,38,1,51,5,5,1,"10J, 2A on side"
WI-L4 (Ham-),2,2018,7,23,IC,14,0,8,0,160,9,29,6,67,5,16,1,"14J, 4A on side"
WI-L4 (Ham-),2,2018,7,24,IC,9,1,8,1,175,7,28,3,65,7,28,4,"7J, 4A on side"
WI-L4 (Ham-),2,2018,7,25,IC,8,0,11,1,202,5,44,10,101,2,23,3,"18J, 4A on side"
WI-L4 (Ham-),2,2018,7,26,IC,7,1,7,1,145,9,75,7,85,10,54,13,"14J, 5A on side"
WI-L4 (Ham-),2,2018,7,27,IC,4,0,15,2,157,2,58,8,76,5,74,11,"10J, 8A on side"
WI-L4 (Ham-),2,2018,7,28,ML,10,0,35,6,102,4,61,20,112,15,92,18,"4J, 2A on side; 3J, 1A on soil"
WI-L4 (Ham-),2,2018,7,29,IC,21,4,10,1,26,4,13,3,216,9,21,2,"50J, 14A on side"
WI-L4 (Ham-),2,2018,7,30,IC,16,4,3,3,34,2,9,0,92,1,19,0,"82J, 4A on side; 8J, 1A on soil"
WI-L4 (Ham-),2,2018,7,31,IC,5,0,0,0,9,1,1,0,31,1,2,0,"23J, 3A on side; 6J, 3A on soil"
WI-L4 (Ham-),3,2018,7,6,LG,0,0,0,0,0,0,0,1,0,0,0,0,
WI-L4 (Ham-),3,2018,7,8,IC,0,0,0,0,0,0,0,1,0,0,0,0,
WI-L4 (Ham-),3,2018,7,9,LG,0,0,0,0,0,0,0,1,0,0,0,0,
WI-L4 (Ham-),3,2018,7,10,LG,0,0,0,0,0,0,0,1,0,0,0,0,adult is alate
WI-L4 (Ham-),3,2018,7,11,LG,0,0,0,0,3,0,1,1,0,0,0,0,
WI-L4 (Ham-),3,2018,7,12,ML,0,0,0,0,3,0,0,1,0,0,0,0,
WI-L4 (Ham-),3,2018,7,13,LG,0,0,0,0,3,0,1,1,4,0,0,0,
WI-L4 (Ham-),3,2018,7,14,ML,1,0,0,0,2,0,2,1,7,0,0,0,
WI-L4 (Ham-),3,2018,7,15,ML,1,1,0,0,1,0,0,0,2,1,6,2,
WI-L4 (Ham-),3,2018,7,16,LG,2,1,0,1,4,1,3,0,2,0,3,1,
WI-L4 (Ham-),3,2018,7,17,LG,2,3,0,0,7,2,1,0,1,0,3,2,
WI-L4 (Ham-),3,2018,7,18,LG,3,4,0,0,12,2,0,0,0,0,2,4,
WI-L4 (Ham-),3,2018,7,19,IC,1,2,0,0,8,4,0,0,17,7,25,3,
WI-L4 (Ham-),3,2018,7,20,IC,2,2,0,0,14,4,1,0,40,10,49,3,
WI-L4 (Ham-),3,2018,7,21,IC,19,3,0,0,41,4,0,0,92,9,79,4,
WI-L4 (Ham-),3,2018,7,22,IC,36,6,2,0,56,4,0,0,118,115,118,6,
WI-L4 (Ham-),3,2018,7,23,IC,32,5,0,0,130,5,0,0,78,14,100,25,stem 2 and 3 hard to differentiate
WI-L4 (Ham-),3,2018,7,24,IC,37,6,2,0,50,4,2,0,302,61,145,27,
WI-L4 (Ham-),3,2018,7,25,IC,33,1,6,5,43,22,8,9,317,62,143,32,1J on side
WI-L4 (Ham-),3,2018,7,26,IC,12,3,14,10,18,16,17,6,239,67,107,15,"4J, 11A on side"
WI-L4 (Ham-),3,2018,7,27,IC,16,2,26,6,26,9,11,13,256,62,107,28,"6J, 13A on side"
WI-L4 (Ham-),3,2018,7,28,ML,27,2,50,13,8,7,19,13,100,26,239,47,"6A, 4J on soil; 6J, 15A on side"
WI-L4 (Ham-),3,2018,7,29,IC,1,0,15,4,12,6,56,16,167,36,34,21,"9J, 23A on side"
WI-L4 (Ham-),3,2018,7,30,IC,10,1,8,3,17,2,6,4,65,17,29,13,"20J, 7A on soil; 18J, 7A on side"
WI-L4 (Ham-),3,2018,7,31,IC,6,0,0,0,8,1,2,2,29,7,6,2,"1J, 1A on soil; 7J on side"
WI-L4 (Ham-),4,2018,8,4,LG,125,7,38,3,27,4,36,7,23,11,86,7,"27J, 10A on side"
WI-L4 (Ham-),4,2018,8,5,LG,84,12,20,2,24,2,53,10,47,20,135,8,"7J, 1A on side"
WI-L4 (Ham-),4,2018,8,6,IC,47,4,33,4,26,2,69,15,58,19,61,10,14J. 7A on side
WI-L4 (Ham-),4,2018,8,7,IC,16,1,25,3,11,0,82,13,62,24,90,9,"5J, 8A on side"
WI-L4 (Ham-),4,2018,8,8,ML,8,2,4,1,3,2,35,14,21,12,36,15,10J 14A on side 
WI-L4 (Ham-),4,2018,7,19,IC,0,0,0,0,0,1,0,0,0,0,0,1,
WI-L4 (Ham-),4,2018,7,20,IC,0,0,0,1,0,0,0,1,0,0,0,0,
WI-L4 (Ham-),4,2018,7,21,IC,0,1,0,1,0,0,0,0,0,0,0,0,
WI-L4 (Ham-),4,2018,7,22,IC,8,2,0,0,0,0,0,0,0,0,0,0,
WI-L4 (Ham-),4,2018,7,23,IC,16,2,0,0,0,0,0,0,0,0,0,0,
WI-L4 (Ham-),4,2018,7,24,IC,22,2,0,0,0,0,0,0,0,0,0,0,
WI-L4 (Ham-),4,2018,7,25,IC,29,3,0,0,0,0,0,0,0,0,0,0,
WI-L4 (Ham-),4,2018,7,26,IC,27,3,0,0,0,0,0,0,0,1,0,0,
WI-L4 (Ham-),4,2018,7,27,IC,22,8,0,0,0,0,0,0,5,1,0,0,
WI-L4 (Ham-),4,2018,7,28,ML,34,10,0,0,0,0,0,0,0,0,10,1,
WI-L4 (Ham-),4,2018,7,29,IC,7,18,14,17,1,0,0,0,1,1,17,1,
WI-L4 (Ham-),4,2018,7,30,IC,18,20,11,17,0,0,0,0,7,1,15,0,1A on side
WI-L4 (Ham-),4,2018,7,31,IC,24,26,27,20,0,0,0,0,7,1,17,7,1A on side
WI-L4 (Ham-),4,2018,8,1,ML,113,33,4,1,0,0,0,0,26,17,3,0,3A on side
WI-L4 (Ham-),4,2018,8,2,IC,141,11,40,6,1,3,11,2,41,15,39,6,"3J, 11A on side"
WI-L4 (Ham-),4,2018,8,3,IC,170,14,57,2,14,2,21,5,69,21,31,9,"13J, 9A on side"
WI-L4 (Ham-),5,2018,7,19,LG,0,0,0,1,0,0,0,0,0,1,0,0,
WI-L4 (Ham-),5,2018,7,20,LG,5,1,0,0,0,0,0,1,0,0,0,0,
WI-L4 (Ham-),5,2018,7,21,IC,9,1,0,0,1,0,0,1,0,0,0,0,
WI-L4 (Ham-),5,2018,7,22,IC,12,1,0,0,0,0,0,0,0,0,0,0,
WI-L4 (Ham-),5,2018,7,23,ML,19,2,0,0,0,0,0,0,0,0,0,0,
WI-L4 (Ham-),5,2018,7,24,ML,22,3,3,2,0,0,0,0,0,0,0,0,
WI-L4 (Ham-),5,2018,7,25,ML,27,6,0,0,0,0,0,0,0,0,0,0,
WI-L4 (Ham-),5,2018,7,26,ML,16,5,12,4,0,0,0,0,0,0,0,0,
WI-L4 (Ham-),5,2018,7,27,ML,22,8,3,1,0,0,4,2,0,0,0,0,
WI-L4 (Ham-),5,2018,7,28,ML,21,6,29,3,2,1,9,2,0,0,0,1,"4J, 1A on soil"
WI-L4 (Ham-),5,2018,7,29,IC,26,13,2,0,27,4,26,3,8,5,2,2,
WI-L4 (Ham-),5,2018,7,30,ML,21,13,25,6,0,0,26,5,24,10,0,0,
WI-L4 (Ham-),5,2018,7,31,ML,49,14,30,12,0,0,32,4,28,13,3,0,
WI-L4 (Ham-),5,2018,8,1,ML,87,41,47,21,1,1,36,8,84,31,0,1,1A on side
WI-L4 (Ham-),5,2018,8,2,ML,79,15,45,12,6,7,51,11,116,34,1,0,1J on side
WI-L4 (Ham-),5,2018,8,3,ML,45,12,16,4,40,10,53,12,110,22,65,14,"3A, 2J on side"
WI-L4 (Ham-),5,2018,8,4,LG,134,21,70,17,9,4,69,12,45,23,55,13,"8J, 6A on side"
WI-L4 (Ham-),5,2018,8,5,LG,34,4,29,4,17,5,108,14,93,17,171,17,"5J, 12A on side"
WI-L4 (Ham-),5,2018,8,6,ML,28,5,15,9,30,4,67,8,63,21,52,14,"6J, 9A on side"
WI-L4 (Ham-),5,2018,8,7,IC,21,5,25,13,40,7,70,9,52,7,118,27,"15J, 15A on side"
WI-L4 (Ham-),5,2018,8,8,IC,18,2,20,1,26,4,78,3,48,9,47,7,"8J, 16A on side"
WI-L4 (Ham-),5,2018,8,9,IC,32,5,1,0,20,0,1,1,50,1,4,5,"7J, 9A on side"
WI-L4 (Ham-),5,2018,8,10,ML,11,2,5,3,4,1,3,0,25,12,3,1,"1J, 1A on side"
WI-L4 (Ham-),6,2018,7,19,LG,0,0,0,1,0,0,1,1,0,0,0,0,
WI-L4 (Ham-),6,2018,7,20,IC,3,0,1,1,2,0,7,1,0,0,2,0,
WI-L4 (Ham-),6,2018,7,21,IC,0,0,0,0,9,1,12,1,0,0,0,0,
WI-L4 (Ham-),6,2018,7,22,IC,5,0,4,0,7,1,14,1,0,0,2,0,
WI-L4 (Ham-),6,2018,7,23,ML,6,4,19,2,1,0,14,1,0,0,1,1,
WI-L4 (Ham-),6,2018,7,24,ML,21,4,24,3,0,0,12,1,0,0,0,2,
WI-L4 (Ham-),6,2018,7,25,ML,31,10,31,8,0,0,6,1,0,0,0,1,
WI-L4 (Ham-),6,2018,7,26,ML,26,21,35,13,0,0,1,0,0,0,0,0,
WI-L4 (Ham-),6,2018,7,27,ML,44,27,45,13,0,0,0,0,0,0,0,0,1A on side
WI-L4 (Ham-),6,2018,7,28,ML,86,29,45,12,0,0,0,0,0,0,0,2,
WI-L4 (Ham-),6,2018,7,29,IC,133,63,90,7,35,1,0,0,0,1,6,2,
WI-L4 (Ham-),6,2018,7,30,ML,157,43,52,15,27,2,9,3,12,9,27,10,"4J, 1A on side"
WI-L4 (Ham-),6,2018,7,31,ML,190,28,85,9,6,3,7,4,38,14,84,13,"21J, 9A on side"
WI-L4 (Ham-),6,2018,8,1,ML,133,43,37,6,31,1,28,8,31,16,136,29,"7J, 5A on side"
WI-L4 (Ham-),6,2018,8,2,IC,91,13,75,1,31,4,100,13,60,11,199,10,"21J, 5A on side"
WI-L4 (Ham-),6,2018,8,3,ML,27,8,58,4,9,2,67,13,60,12,56,20,"10J, 12A on side"
WI-L4 (Ham-),6,2018,8,4,LG,28,2,7,1,2,0,25,1,108,8,15,1,"13J, 3A on side"
WI-L4 (Ham-),6,2018,8,5,LG,3,0,0,0,1,0,0,0,5,0,0,0,1J on side
WI-L4 (Ham-),7,2018,7,19,IC,0,1,0,0,0,0,0,0,0,1,0,0,
WI-L4 (Ham-),7,2018,7,20,IC,0,1,0,0,0,0,0,0,2,1,0,0,
WI-L4 (Ham-),7,2018,7,21,IC,1,1,0,0,0,0,0,0,11,1,0,0,
WI-L4 (Ham-),7,2018,7,22,IC,0,1,0,0,4,0,0,0,10,1,0,0,
WI-L4 (Ham-),7,2018,7,23,ML,0,0,5,3,4,0,0,0,21,2,5,1,
WI-L4 (Ham-),7,2018,7,24,ML,0,0,4,0,0,0,5,1,11,2,11,7,
WI-L4 (Ham-),7,2018,7,25,ML,1,0,7,0,6,0,4,1,12,3,10,12,
WI-L4 (Ham-),7,2018,7,26,ML,4,0,3,4,8,0,0,0,13,8,15,5,
WI-L4 (Ham-),7,2018,7,27,ML,5,3,2,1,4,3,5,2,10,7,15,14,1A on side
WI-L4 (Ham-),7,2018,7,28,ML,0,1,0,1,2,3,4,0,18,13,0,0,1A on side
WI-L4 (Ham-),7,2018,7,29,IC,18,12,2,0,16,5,0,0,83,26,82,7,
WI-L4 (Ham-),7,2018,7,30,LG,45,12,5,1,12,4,7,1,73,16,138,15,
WI-L4 (Ham-),7,2018,7,31,ML,48,4,4,5,15,5,8,2,92,21,153,32,1A on soil
WI-L4 (Ham-),7,2018,8,1,ML,56,4,20,5,29,5,9,5,111,32,93,29,1A on side
WI-L4 (Ham-),7,2018,8,2,ML,31,8,52,14,40,10,45,8,140,36,143,25,"7J, 4A on side"
WI-L4 (Ham-),7,2018,8,3,IC,98,12,55,3,60,14,74,12,109,9,63,10,"21J, 20A on side"
WI-L4 (Ham-),7,2018,8,4,LG,48,8,25,5,61,11,18,3,42,10,19,3,"32J, 11A on side"
WI-L4 (Ham-),7,2018,8,5,LG,11,0,8,2,43,6,14,2,42,3,6,1,"4J, 1A on side"
WI-L4 (Ham-),8,2018,7,21,IC,0,0,0,0,0,0,0,0,0,0,0,1,
WI-L4 (Ham-),8,2018,7,22,IC,6,1,0,0,0,0,0,0,0,0,0,1,
WI-L4 (Ham-),8,2018,7,23,IC,10,0,0,0,0,0,0,0,0,1,0,1,
WI-L4 (Ham-),8,2018,7,24,ML,10,0,0,0,0,0,0,0,3,1,1,1,
WI-L4 (Ham-),8,2018,7,25,ML,13,0,0,0,2,0,1,0,3,2,3,0,
WI-L4 (Ham-),8,2018,7,26,ML,15,0,0,0,0,0,0,0,12,2,4,0,
WI-L4 (Ham-),8,2018,7,27,ML,12,3,0,0,0,0,0,0,17,2,3,0,
WI-L4 (Ham-),8,2018,7,28,ML,4,4,4,10,0,0,0,0,11,2,1,0,1A on side
WI-L4 (Ham-),8,2018,7,29,IC,14,10,4,3,0,0,1,0,31,5,0,0,
WI-L4 (Ham-),8,2018,7,30,LG,15,4,4,3,0,0,0,0,32,6,0,0,
WI-L4 (Ham-),8,2018,7,31,LG,50,16,12,4,0,0,0,0,19,3,0,0,
WI-L4 (Ham-),8,2018,8,1,ML,127,48,0,0,0,0,0,0,17,3,0,0,
WI-L4 (Ham-),8,2018,8,2,LG,179,24,42,10,1,0,0,0,18,6,0,0,
WI-L4 (Ham-),8,2018,8,3,LG,210,25,52,3,0,0,1,0,38,11,0,1,
WI-L4 (Ham-),9,2018,7,19,LG,0,0,6,1,0,0,0,1,0,0,0,0,
WI-L4 (Ham-),9,2018,7,20,LG,0,1,10,1,0,0,0,0,0,0,0,0,
WI-L4 (Ham-),9,2018,7,21,IC,7,0,0,2,3,0,1,1,6,1,0,0,
WI-L4 (Ham-),9,2018,7,22,IC,12,0,0,1,3,0,0,0,4,2,0,0,
WI-L4 (Ham-),9,2018,7,23,IC,7,0,0,1,5,1,0,0,18,0,0,0,
WI-L4 (Ham-),9,2018,7,24,IC,4,5,1,0,5,3,0,0,19,2,0,0,
WI-L4 (Ham-),9,2018,7,25,IC,5,7,0,1,5,3,0,0,22,2,0,0,
WI-L4 (Ham-),9,2018,7,26,IC,3,8,0,1,5,4,0,3,25,3,0,0,
WI-L4 (Ham-),9,2018,7,27,IC,7,4,1,0,5,4,16,12,7,1,0,0,
WI-L4 (Ham-),9,2018,7,28,ML,3,2,0,0,10,3,16,7,5,0,0,2,3A on top
WI-L4 (Ham-),9,2018,7,29,IC,7,7,1,1,11,8,8,3,45,13,9,5,
WI-L4 (Ham-),9,2018,7,30,LG,18,7,0,0,12,3,54,6,31,6,18,5,many adults are alate
WI-L4 (Ham-),9,2018,7,31,LG,41,10,0,2,20,8,79,19,63,7,36,7,
WI-L4 (Ham-),9,2018,8,1,ML,61,13,0,0,39,11,22,7,91,39,20,5,1A on side
WI-L4 (Ham-),9,2018,8,2,LG,77,3,1,3,100,20,78,7,179,25,47,16,
WI-L4 (Ham-),9,2018,8,3,LG,36,1,22,6,135,26,91,10,174,20,153,21,"3A on side, 1J on soil"
WI-L4 (Ham-),9,2018,8,4,LG,61,4,84,12,163,16,125,13,259,20,153,21,"3A on side, 1J on soil"
WI-L4 (Ham-),9,2018,8,5,LG,19,8,47,3,85,9,122,9,137,21,176,19,"4A, 12J on side"
WI-L4 (Ham-),9,2018,8,6,LG,22,1,20,4,49,3,110,10,185,22,129,18,"4A, 12J on side"
WI-L4 (Ham-),9,2018,8,7,ML,16,2,10,3,23,6,38,9,33,21,124,12,"4A, 14J on side"
WI-L4 (Ham-),10,2018,7,19,LG,1,0,0,1,0,0,0,0,3,1,0,0,
WI-L4 (Ham-),10,2018,7,20,LG,1,0,0,0,2,0,0,0,1,1,4,1,
WI-L4 (Ham-),10,2018,7,21,IC,2,0,1,0,1,0,0,0,14,2,0,0,
WI-L4 (Ham-),10,2018,7,22,IC,6,0,2,0,2,0,0,0,18,3,6,0,
WI-L4 (Ham-),10,2018,7,23,ML,16,0,2,0,4,1,0,0,18,10,5,0,
WI-L4 (Ham-),10,2018,7,24,ML,7,1,16,0,4,1,0,0,14,3,10,0,
WI-L4 (Ham-),10,2018,7,25,ML,7,1,14,3,5,1,0,1,12,7,16,1,
WI-L4 (Ham-),10,2018,7,26,ML,4,6,0,2,21,9,1,0,17,11,13,0,
WI-L4 (Ham-),10,2018,7,27,ML,11,6,1,2,17,16,0,0,29,16,13,0,
WI-L4 (Ham-),10,2018,7,28,ML,13,4,10,4,28,11,0,0,32,21,19,10,
WI-L4 (Ham-),10,2018,7,29,IC,40,4,19,2,44,17,23,9,43,28,26,7,
WI-L4 (Ham-),10,2018,7,30,LG,42,1,22,2,87,14,138,13,65,25,35,7,
WI-L4 (Ham-),10,2018,7,31,LG,26,1,28,3,166,20,122,8,124,31,60,4,1A on side
WI-L4 (Ham-),10,2018,8,1,ML,32,10,50,6,136,50,79,18,79,24,74,2,6A on side
WI-L4 (Ham-),10,2018,8,2,LG,32,4,76,15,126,19,179,20,117,22,189,10,"13J, 6A on side"
WI-L4 (Ham-),10,2018,8,3,ML,56,17,75,15,152,23,76,15,84,21,98,12,"25J, 14A on side"
WI-L4 (Ham-),10,2018,8,4,LG,20,6,51,7,149,16,154,10,55,10,11,0,"41J, 14A on side"
WI-L4 (Ham-),10,2018,8,5,LG,13,0,15,1,81,12,47,2,4,0,3,4,"22J, 3A on side"
WI-L4ØA,1,2018,4,5,Paige Zenkovich,0,0,0,0,0,0,0,0,0,0,0,0,2A ground
WI-L4ØA,1,2018,4,6,Paige Zenkovich,4,0,0,0,0,0,1,1,0,0,2,1,
WI-L4ØA,1,2018,4,7,Paige Zenkovich,11,2,0,0,0,0,0,0,0,0,0,0,
WI-L4ØA,1,2018,4,8,Paige Zenkovich,19,2,0,0,0,0,0,0,0,0,0,0,
WI-L4ØA,1,2018,4,9,Paige Zenkovich,21,2,0,0,0,0,0,0,0,0,0,0,
WI-L4ØA,1,2018,4,10,Paige Zenkovich,29,4,0,0,0,0,0,0,0,0,0,0,
WI-L4ØA,1,2018,4,11,Paige Zenkovich,31,8,0,0,0,0,0,0,0,0,0,0,
WI-L4ØA,1,2018,4,12,Paige Zenkovich,29,15,0,0,0,0,0,0,0,0,0,0,
WI-L4ØA,1,2018,4,13,Paige Zenkovich,26,23,0,0,0,0,0,0,0,0,0,0,
WI-L4ØA,1,2018,4,14,Paige Zenkovich,29,32,0,0,0,0,0,0,0,0,0,0,
WI-L4ØA,1,2018,4,15,Paige Zenkovich,38,37,0,0,0,0,0,0,0,0,0,0,
WI-L4ØA,1,2018,4,16,Paige Zenkovich,85,49,0,0,0,0,0,0,0,0,0,0,
WI-L4ØA,1,2018,4,17,Paige Zenkovich,159,46,0,2,0,0,0,1,0,0,0,0,2A plastic 2A ground
WI-L4ØA,1,2018,4,18,Paige Zenkovich,200,39,5,2,0,1,1,0,1,4,0,1,4A1J plastic
WI-L4ØA,1,2018,4,19,Paige Zenkovich,275,35,7,2,2,2,1,0,4,3,3,2,5A1J plastic 9J ground
WI-L4ØA,1,2018,4,20,Paige Zenkovich,302,27,39,9,4,1,13,4,2,7,7,3,3A8J plastic
WI-L4ØA,1,2018,4,21,Paige Zenkovich,198,22,51,11,11,3,33,9,15,6,20,15,5A14J plastic 2A16J ground
WIA-5D,1,2017,10,20,Emily Snelson,0,0,13,1,0,0,0,0,0,0,0,0,
WIA-5D,1,2017,10,21,Emily Snelson,1,0,17,1,0,0,0,0,0,0,0,0,
WIA-5D,1,2017,10,22,Emily Snelson,3,0,21,1,0,0,0,0,0,0,4,0,
WIA-5D,1,2017,10,23,Emily Snelson,14,0,13,1,1,0,0,0,0,0,6,0,
WIA-5D,1,2017,10,24,Emily Snelson,17,0,13,1,0,0,0,0,0,0,6,0,
WIA-5D,1,2017,10,25,Emily Snelson,17,2,17,1,0,0,0,0,0,0,6,0,
WIA-5D,1,2017,10,26,Emily Snelson,13,7,14,6,0,0,0,0,0,0,6,0,
WIA-5D,1,2017,10,27,Emily Snelson,4,14,15,6,0,0,0,0,0,0,4,2,
WIA-5D,1,2017,10,28,Emily Snelson,3,16,16,9,0,0,0,0,0,0,3,4,
WIA-5D,1,2017,10,29,Emily Snelson,38,21,42,11,0,0,1,2,0,0,1,5,1 adult on wall
WIA-5D,1,2017,10,30,Emily Snelson,64,8,79,17,2,0,26,9,0,0,1,1,1 adult on wall
WIA-5D,1,2017,10,31,Emily Snelson,110,9,0,0,42,9,13,3,76,10,9,3,16 juv and 5 adults on wall
WIA-5D,1,2017,11,1,Emily Snelson,24,11,0,0,14,0,2,1,39,4,0,1,"1 adult on metal pole, 1 adults on wall"
WIA-5D,1,2017,11,2,Emily Snelson,0,1,0,0,1,0,0,0,0,0,0,1,plant is mostly dead
WIA-5D,1,2017,11,3,Emily Snelson,0,0,0,0,0,0,0,0,0,0,0,0,
WIA-5D,1,2017,11,4,Emily Snelson,0,0,0,0,0,0,0,0,0,0,0,0,
WIA-5D,2,2017,11,5,Emily Snelson,0,0,2,0,0,0,0,0,1,0,0,1,
WIA-5D,2,2017,11,6,Emily Snelson,1,0,13,1,0,0,0,0,0,0,0,0,
WIA-5D,2,2017,11,7,Emily Snelson,8,0,18,1,0,0,1,0,0,0,0,0,
WIA-5D,2,2017,11,8,Emily Snelson,9,0,22,1,0,0,0,0,0,0,0,0,
WIA-5D,2,2017,11,9,Emily Snelson,11,1,25,1,0,0,0,0,0,0,0,0,
WIA-5D,2,2017,11,10,Emily Snelson,15,0,29,1,0,0,0,0,0,0,0,0,
WIA-5D,2,2017,11,11,Emily Snelson,15,0,32,3,0,0,0,0,0,0,0,0,
WIA-5D,2,2017,11,12,Emily Snelson,22,0,39,3,0,0,0,0,0,0,0,0,
WIA-5D,2,2017,11,13,Emily Snelson,19,4,37,6,0,0,0,0,0,0,1,2,
WIA-5D,2,2017,11,14,Emily Snelson,44,7,39,6,0,0,1,0,0,0,3,1,
WIA-5D,2,2017,11,15,Emily Snelson,99,7,69,4,0,0,0,0,0,1,12,7,
WIA-5D,2,2017,11,16,Emily Snelson,108,11,68,8,0,0,0,1,0,0,22,4,2 adults on walls
WIA-5D,2,2017,11,17,Emily Snelson,141,11,72,6,0,1,0,1,1,0,31,9,
WIA-5D,2,2017,11,18,Emily Snelson,254,19,64,5,2,1,7,7,6,4,32,4,3 adults on walls
WIA-5D,2,2017,11,19,Emily Snelson,242,17,127,8,4,2,51,7,15,6,58,14,2 juv and 10 adults on walls
WIA-5D,2,2017,11,20,Emily Snelson,94,4,59,1,59,12,98,6,50,23,138,24,
WIA-5D,2,2017,11,21,Emily Snelson,25,2,5,1,34,5,130,10,105,20,196,22,"15 adults and 12 juv on walls, plant wilting"
WIA-5D,2,2017,11,22,Emily Snelson,3,2,2,2,15,10,111,7,69,13,144,9,11 adults and 30 juv on walls
WIA-5D,2,2017,11,24,Tony Ives,2,0,0,0,14,0,2,0,0,0,0,0,
WIA-5D,3,2018,4,5,Paige Zenkovich,0,0,0,0,0,0,0,0,0,0,0,0,2A ground
WIA-5D,3,2018,4,6,Paige Zenkovich,0,0,0,0,0,0,0,0,0,0,11,2,
WIA-5D,3,2018,4,7,Paige Zenkovich,10,0,1,0,4,0,0,0,0,0,4,1,
WIA-5D,3,2018,4,8,Paige Zenkovich,15,0,1,0,3,0,0,0,0,0,2,1,
WIA-5D,3,2018,4,9,Paige Zenkovich,12,0,2,0,4,0,0,0,0,0,0,1,
WIA-5D,3,2018,4,10,Paige Zenkovich,19,5,0,0,1,0,0,0,0,0,2,1,
WIA-5D,3,2018,4,11,Paige Zenkovich,14,13,0,0,0,0,0,0,0,0,1,1,
WIA-5D,3,2018,4,12,Paige Zenkovich,9,10,0,0,1,6,0,0,0,0,1,1,
WIA-5D,3,2018,4,13,Paige Zenkovich,6,13,0,1,3,8,1,0,0,0,1,1,
WIA-5D,3,2018,4,14,Paige Zenkovich,7,12,0,0,3,10,0,0,0,0,2,1,
WIA-5D,3,2018,4,15,Paige Zenkovich,50,18,0,0,16,12,0,0,0,0,0,1,
WIA-5D,3,2018,4,16,Paige Zenkovich,123,18,0,0,30,12,1,0,0,0,0,1,
WIA-5D,3,2018,4,17,Paige Zenkovich,191,22,2,1,63,13,1,0,0,0,0,1,
WIA-5D,3,2018,4,18,Paige Zenkovich,260,30,2,0,70,4,0,1,8,2,0,2,
WIA-5D,3,2018,4,19,Paige Zenkovich,210,34,21,4,40,2,11,1,44,13,20,5,2A4J ground
WIA-5D,4,2018,6,21,ML,0,0,0,0,0,0,1,1,0,0,0,0,
WIA-5D,4,2018,6,22,ML,0,0,1,0,0,0,0,1,0,0,0,0,
WIA-5D,4,2018,6,23,ML,0,1,1,0,0,0,0,0,0,0,0,0,
WIA-5D,4,2018,6,24,ML,0,0,1,0,0,0,0,0,0,0,0,0,Dead aphid on stem 1
WIA-5D,4,2018,6,25,ML,0,0,1,0,0,0,0,0,0,0,0,0,
WIA-5D,4,2018,6,26,ML,0,0,1,0,0,0,0,0,0,0,0,0,
WIA-5D,4,2018,6,27,ML,0,0,1,0,0,0,0,0,0,0,0,0,
WIA-5D,4,2018,6,28,ML,0,0,1,0,0,0,0,0,0,0,0,0,
WIA-5D,4,2018,6,29,ML,0,0,1,0,0,0,0,0,0,0,0,0,
WIA-5D,4,2018,6,30,LG,0,0,3,1,0,0,0,0,0,0,0,0,
WIA-5D,4,2018,7,1,LG,0,0,11,1,0,0,0,0,0,0,0,0,
WIA-5D,4,2018,7,2,ML,0,0,15,1,0,0,0,0,0,0,0,0,
WIA-5D,4,2018,7,3,ML,0,0,19,1,0,0,0,0,0,0,0,0,
WIA-5D,4,2018,7,4,IC,0,0,25,2,0,0,0,0,0,0,0,0,
WIA-5D,4,2018,7,5,ML,0,1,28,2,0,0,0,0,0,0,0,0,
WIA-5D,4,2018,7,6,IC,0,0,30,2,0,0,0,0,0,0,1,0,
WIA-5D,4,2018,7,8,IC,1,0,23,12,1,0,1,2,1,1,12,2,
WIA-5D,4,2018,7,9,IC,5,3,24,22,0,0,0,0,0,0,3,2,
WIA-5D,4,2018,7,10,ML,12,2,76,19,0,1,2,0,0,0,28,7,
WIA-5D,4,2018,7,11,ML,61,4,35,8,32,7,5,1,9,2,33,14,
WIA-5D,4,2018,7,12,ML,97,9,38,7,37,7,23,3,3,1,125,28,
WIA-5D,4,2018,7,13,ML,105,11,46,8,44,0,16,1,33,4,200,35,3 J on plastic
WIA-5D,4,2018,7,14,ML,83,3,77,5,61,20,35,1,82,28,364,27,1A on side
WIA-5D,4,2018,7,15,ML,14,0,46,2,53,4,90,4,78,13,134,29,7J on side
WIA-5D,5,2018,6,21,ML,0,0,0,1,0,0,0,0,0,0,2,1,
WIA-5D,5,2018,6,22,ML,0,0,3,1,0,0,0,0,0,0,3,1,
WIA-5D,5,2018,6,23,ML,6,0,6,1,0,0,1,0,2,0,4,1,
WIA-5D,5,2018,6,24,ML,10,1,12,0,0,0,1,0,0,0,3,1,
WIA-5D,5,2018,6,25,ML,15,1,14,0,0,0,0,0,0,0,8,1,
WIA-5D,5,2018,6,26,ML,0,0,11,1,14,1,1,0,0,0,10,1,
WIA-5D,5,2018,6,27,ML,0,0,13,0,18,1,0,0,0,0,10,0,
WIA-5D,5,2018,6,28,ML,0,0,15,0,19,3,0,0,0,0,8,1,
WIA-5D,5,2018,6,29,ML,1,1,12,0,22,8,0,0,0,0,10,0,
WIA-5D,5,2018,6,30,LG,1,0,12,2,23,6,0,0,0,0,10,0,
WIA-5D,5,2018,7,1,LG,2,2,5,11,29,9,6,5,0,0,10,0,
WIA-5D,5,2018,7,2,ML,24,4,34,10,61,13,7,5,0,0,8,9,
WIA-5D,5,2018,7,3,ML,65,4,88,12,75,22,15,4,0,0,18,9,
WIA-5D,5,2018,7,4,IC,84,4,146,15,65,7,17,8,0,0,67,11,
WIA-5D,5,2018,7,5,ML,72,1,130,6,134,17,18,4,53,8,87,8,"14J, 1A on soil"
WIA-5D,5,2018,7,6,IC,29,0,183,5,93,7,90,6,3,9,128,9,3A on sides
WIA-5D,5,2018,7,8,IC,29,4,8,0,41,2,6,1,42,2,12,1,plant dead; 11J on side 
WIA-5D,6,2018,6,21,ML,0,0,1,0,0,0,1,1,0,0,0,0,
WIA-5D,6,2018,6,22,ML,3,0,2,1,0,0,0,0,0,0,0,0,
WIA-5D,6,2018,6,23,ML,4,0,0,0,0,0,0,0,0,0,0,0,
WIA-5D,6,2018,6,24,ML,3,0,0,0,2,0,0,0,0,0,0,0,
WIA-5D,6,2018,6,25,ML,3,0,0,0,2,0,0,0,0,0,0,0,
WIA-5D,6,2018,6,26,ML,3,0,0,0,1,0,0,0,0,0,0,0,
WIA-5D,6,2018,6,27,ML,3,2,0,0,1,0,0,0,0,0,0,0,
WIA-5D,6,2018,6,28,ML,0,3,0,0,1,0,1,0,0,0,0,0,
WIA-5D,6,2018,6,29,ML,1,1,0,0,2,0,0,0,0,0,0,0,
WIA-5D,6,2018,6,30,LG,6,2,0,0,2,0,0,0,0,0,0,0,
WIA-5D,6,2018,7,1,LG,15,2,0,0,4,1,6,0,9,2,0,0,
WIA-5D,6,2018,7,2,ML,21,1,0,0,0,0,19,1,0,0,0,0,
WIA-5D,6,2018,7,3,ML,32,3,0,0,15,0,1,0,26,2,6,0,
WIA-5D,6,2018,7,4,IC,43,3,0,0,44,3,0,0,10,0,0,0,
WIA-5D,6,2018,7,5,ML,37,6,3,0,14,0,1,0,63,6,0,0,
WIA-5D,6,2018,7,6,LG,60,13,3,0,17,1,0,0,42,2,2,0,
WIA-5D,6,2018,7,8,IC,61,34,4,2,7,0,3,0,35,11,3,1,
WIA-5D,6,2018,7,9,IC,35,33,52,21,5,6,2,2,30,5,23,2,
WIA-5D,6,2018,7,10,ML,113,33,18,6,32,10,6,1,23,15,104,25,
WIA-5D,6,2018,7,11,ML,137,39,23,8,12,5,8,1,197,39,100,20,
WIA-5D,6,2018,7,12,ML,124,16,25,7,32,2,33,5,63,13,112,40,"1A on soil, 1A on tube"
WIA-5D,6,2018,7,13,LG,98,6,62,8,47,3,110,4,77,14,399,39,
WIA-5D,6,2018,7,14,ML,59,7,86,4,32,4,71,3,116,20,271,12,
WIA-5D,6,2018,7,15,ML,19,3,82,11,25,10,64,9,66,31,208,19,
WIA-5D,7,2018,6,21,ML,0,0,0,1,0,0,0,0,0,0,0,1,
WIA-5D,7,2018,6,22,ML,0,0,2,0,0,0,0,0,0,0,0,0,
WIA-5D,7,2018,6,23,ML,0,0,3,0,0,0,0,0,0,0,0,0,
WIA-5D,7,2018,6,24,ML,0,0,3,0,0,0,1,0,0,0,0,0,
WIA-5D,7,2018,6,25,ML,0,0,1,0,0,0,2,0,0,0,0,0,
WIA-5D,7,2018,6,26,ML,0,0,0,0,2,0,1,0,0,0,0,0,
WIA-5D,7,2018,6,27,ML,0,0,0,0,2,0,1,0,0,0,0,0,
WIA-5D,7,2018,6,28,ML,1,0,0,1,0,1,0,1,0,0,0,0,the stem 2 aphid is an alate
WIA-5D,7,2018,6,29,ML,0,1,2,1,0,0,0,1,0,1,0,0,the stem 1 aphid is an alate
WIA-5D,7,2018,6,30,LG,0,0,8,1,0,0,4,1,0,0,1,1,
WIA-5D,7,2018,7,1,LG,1,0,7,1,0,0,5,1,8,0,8,2,the 2 adult aphids on leaf 3 are alates
WIA-5D,7,2018,7,2,ML,1,0,7,1,2,0,5,1,14,0,12,2,the 2 adult aphids on leaf 3 are alates
WIA-5D,7,2018,7,3,ML,1,0,15,1,1,0,4,1,47,3,27,2,the 2 adult aphids on leaf 3 are alates
WIA-5D,7,2018,7,4,IC,3,0,12,3,5,0,3,0,49,2,5,1,
WIA-5D,7,2018,7,5,LG,3,2,13,3,5,0,2,0,60,5,5,1,
WIA-5D,7,2018,7,6,LG,2,1,12,8,11,3,4,0,59,9,5,2,
WIA-5D,7,2018,7,8,IC,6,2,11,2,24,23,2,1,46,9,16,6,
WIA-5D,7,2018,7,9,LG,21,8,10,2,49,17,4,1,45,17,31,10,
WIA-5D,7,2018,7,10,LG,34,7,17,2,47,9,42,12,68,13,58,21,
WIA-5D,7,2018,7,11,LG,58,8,26,6,91,9,10,4,72,19,87,23,1A on side
WIA-5D,7,2018,7,12,ML,70,9,55,6,64,9,45,14,69,13,69,22,"3J, 2A on side"
WIA-5D,7,2018,7,13,IC,76,6,36,2,57,6,53,6,51,18,144,32,"4J, 3A on side"
WIA-5D,7,2018,7,14,ML,30,4,57,6,88,11,77,9,86,11,156,28,6A on tube
WIA-5D,7,2018,7,15,ML,21,2,73,9,56,7,84,17,74,9,191,25,"2J, 1A on side"
WIA-5D,7,2018,7,16,LG,31,2,29,3,57,3,78,2,60,4,110,1,"32J, 6A on side"
,,,,,,,,,,,,,,,16,35,21,
,,,,,,,,,,,,,,,,,,
,,,,,,,,,,,,,,,,,,
,,,,,,,,,,,,,,,,,,
,,,,,,,,,,,,,,,,,,
,,,,,,,,,,,,,,,,,,
,,,,,,,,,,,,,,,,,,
,,,,,,,,,,,,,,,,,,